,1년간여행여부,1년간여가/문화활동,1년간교육학습,친목단체참여여부,자원봉사경험유무,종교종류,가장중요한활동,현재경제활동여부,향후근로희망여부,노인일자리참여여부,노인일자리참여의향,향후참여하고싶은유형
0,2,1,1,2,2,1,7,1,2,1,1,1
1,1,1,1,2,2,2,4,1,2,1,1,1
2,1,1,2,2,2,3,7,1,3,4,1,1
4,1,1,2,2,2,3,3,1,3,1,1,3
5,1,1,2,2,2,3,3,2,3,2,1,1
6,2,1,1,2,1,2,4,1,2,1,1,5
8,2,1,2,2,2,3,7,2,4,4,1,3
9,2,1,2,2,2,1,7,1,2,4,1,1
10,1,1,2,2,2,3,7,1,3,4,1,3
15,2,1,1,2,2,1,2,2,1,4,1,1
16,2,1,1,2,2,2,4,2,4,2,1,1
18,2,1,2,2,2,4,3,2,1,2,1,4
19,1,1,2,2,2,2,4,2,4,4,1,1
20,2,1,2,2,2,3,3,2,3,4,1,5
25,2,1,2,2,2,3,6,1,2,1,1,1
27,2,1,2,2,1,3,7,1,2,1,1,4
30,2,1,2,2,2,1,7,1,2,1,1,1
31,1,1,1,2,2,1,7,2,4,4,1,1
32,1,1,2,2,2,1,7,2,4,3,1,1
33,2,1,2,2,2,2,6,1,2,1,1,1
34,1,1,2,2,2,2,7,2,4,4,1,4
35,2,1,2,2,2,2,7,1,2,1,1,1
37,2,1,2,2,2,3,7,2,4,4,1,1
39,2,1,2,2,2,3,3,2,3,4,1,1
40,2,1,2,2,2,2,7,2,4,2,1,1
45,2,1,2,2,2,2,3,1,3,1,1,1
55,2,1,2,2,2,3,7,2,4,4,1,1
76,2,1,2,2,2,3,2,1,2,1,1,1
80,2,1,2,2,2,2,4,1,3,1,1,1
82,2,1,2,2,2,1,3,2,1,4,1,1
94,2,1,2,2,2,2,3,3,1,4,1,4
106,2,1,2,2,2,2,3,1,2,4,1,1
112,2,2,2,2,2,1,7,2,1,4,1,5
116,2,1,1,2,2,2,3,1,2,1,1,1
123,2,1,2,2,2,4,7,2,4,4,1,1
125,2,1,2,2,2,2,8,2,4,4,1,1
128,2,1,2,2,2,2,8,2,1,4,1,1
130,2,1,2,2,2,2,6,2,4,4,1,1
138,2,1,2,2,2,2,3,2,4,4,1,1
141,1,1,2,2,2,2,7,1,2,1,1,1
149,2,1,2,2,2,3,7,3,1,3,1,1
152,2,1,2,2,1,3,1,2,4,1,1,1
155,2,1,2,2,2,3,3,2,1,1,1,5
160,2,1,2,2,1,2,1,1,2,1,1,1
162,2,1,2,2,2,2,7,3,1,4,1,4
165,1,1,2,2,2,3,3,1,2,1,1,1
167,1,1,2,2,1,3,4,2,4,4,1,4
174,1,1,2,1,2,1,4,2,4,4,1,1
178,1,1,2,2,2,3,3,1,2,1,1,1
184,2,1,2,2,2,2,3,2,3,4,1,1
190,2,1,2,2,2,3,4,2,4,2,1,1
194,2,1,2,2,2,2,6,2,4,3,1,1
198,1,1,2,2,2,2,7,1,2,1,1,1
199,2,1,2,2,2,2,4,1,2,4,1,1
201,2,1,2,2,2,3,4,1,2,1,1,1
206,2,1,2,2,2,1,3,2,4,1,1,1
217,1,1,1,2,2,3,7,1,2,1,1,1
219,2,1,2,2,2,3,7,1,2,1,1,1
228,2,2,1,2,2,1,7,1,2,1,1,4
229,2,1,2,2,2,1,7,1,1,2,1,5
230,1,1,2,1,2,3,7,1,2,4,1,1
231,2,1,2,2,2,2,6,1,2,1,1,1
237,2,1,2,2,2,1,7,1,2,1,1,1
239,2,1,1,2,2,2,7,2,4,1,1,4
240,2,1,2,2,2,2,7,2,4,4,1,1
242,2,1,2,2,2,2,7,1,2,4,1,1
257,1,1,2,2,2,4,7,2,4,4,1,4
261,2,2,2,2,2,2,7,2,1,2,1,1
263,2,1,2,2,2,1,3,2,4,3,1,3
266,2,1,2,2,2,2,4,1,2,3,1,1
267,2,1,2,2,2,2,7,1,3,4,1,2
276,1,1,2,2,1,3,7,1,2,4,1,1
277,2,1,2,2,2,2,7,2,4,3,1,2
279,2,1,2,2,2,1,3,1,2,2,1,1
281,2,1,1,2,2,2,6,2,4,4,1,1
282,2,1,2,2,2,2,4,3,4,2,1,1
284,1,1,2,2,2,1,7,1,3,3,1,1
285,2,1,2,2,2,2,6,2,3,3,1,1
289,2,1,2,2,2,2,7,1,2,1,1,1
290,1,1,1,2,2,1,7,1,2,4,1,2
294,1,1,2,2,2,1,7,1,2,4,1,1
303,2,1,1,2,2,1,3,2,4,4,1,1
306,2,1,2,2,2,1,3,3,4,4,1,1
308,1,2,2,2,2,1,7,1,2,4,1,1
309,1,2,2,2,2,3,7,1,2,2,1,3
319,1,1,2,2,2,1,3,1,2,4,1,1
324,1,1,2,2,2,3,7,1,2,4,1,1
328,2,1,2,2,2,3,4,2,4,2,1,5
329,2,1,2,2,2,3,7,2,4,2,1,2
343,2,1,2,2,2,2,7,2,3,3,1,1
346,2,1,2,2,2,2,7,2,4,2,1,1
348,2,1,2,2,2,3,7,2,2,3,1,1
349,2,1,2,2,2,3,4,1,2,1,1,1
350,2,1,2,2,2,2,6,2,1,4,1,1
351,2,1,2,2,2,1,7,3,1,4,1,3
352,2,1,2,2,2,2,7,2,4,4,1,1
355,2,1,2,2,2,1,3,1,2,4,1,5
357,1,1,1,2,2,1,3,2,1,4,1,1
361,2,1,2,2,2,1,6,1,1,4,1,1
362,1,1,2,2,2,4,3,2,4,4,1,4
363,2,1,1,2,2,3,6,2,1,3,1,5
365,1,1,2,2,2,2,7,1,2,1,1,1
367,2,1,1,2,1,2,6,1,2,1,1,5
370,2,1,1,2,2,2,4,2,1,2,1,1
372,2,1,2,2,2,2,6,2,1,4,1,1
373,2,1,2,2,2,1,3,1,2,1,1,5
377,2,1,2,2,2,2,7,1,2,4,1,3
378,2,1,2,2,2,1,8,2,4,4,1,3
380,2,1,2,2,2,1,7,2,2,2,1,5
382,2,1,1,2,2,2,7,2,2,2,1,1
387,1,1,2,2,2,3,6,1,2,4,1,4
388,1,1,2,2,2,2,6,1,2,1,1,3
390,2,1,1,2,2,3,7,1,2,4,1,2
391,2,1,2,2,2,2,6,3,1,3,1,1
393,2,1,2,2,2,2,6,2,1,4,1,1
394,2,1,2,2,2,2,6,2,2,4,1,1
395,2,1,1,2,2,1,7,1,2,4,1,1
401,2,1,2,2,2,4,3,2,1,3,1,5
410,2,1,2,2,2,2,4,1,2,1,1,1
417,2,1,2,2,2,1,7,2,1,4,1,1
423,2,1,2,2,2,3,6,2,2,4,1,1
425,2,1,2,2,2,1,7,1,2,1,1,1
427,2,1,2,2,2,2,7,2,4,4,1,1
432,1,1,2,2,2,1,6,2,4,4,1,1
434,1,1,2,2,2,1,3,2,1,4,1,1
442,2,1,2,2,2,2,7,1,2,1,1,5
444,2,1,2,2,2,1,3,3,4,3,1,1
448,2,1,2,2,2,1,7,1,2,1,1,1
449,2,1,2,2,2,1,7,1,1,4,1,2
455,2,1,1,2,2,2,4,1,2,4,1,1
456,2,1,2,2,2,1,3,1,2,1,1,1
462,2,1,2,2,2,2,6,2,1,4,1,5
463,2,1,2,2,2,1,7,2,4,3,1,1
469,1,1,2,2,2,2,7,1,2,4,1,1
471,2,1,2,2,2,3,3,1,2,4,1,5
472,2,1,2,2,2,3,7,2,4,4,1,1
474,2,1,2,2,2,3,7,1,2,4,1,1
475,2,1,2,2,2,1,7,1,2,4,1,1
476,1,1,2,2,2,2,4,1,2,4,1,1
477,1,1,2,2,2,1,3,2,3,3,1,1
495,2,1,2,2,2,1,7,1,2,1,1,1
496,2,1,2,2,2,1,3,1,2,1,1,2
499,2,2,2,2,2,2,7,2,4,4,1,1
500,2,1,2,2,2,3,4,1,2,1,1,1
504,1,1,2,2,2,2,6,1,2,4,1,4
506,2,1,2,2,2,3,3,1,2,1,1,1
511,1,1,2,2,2,1,6,1,2,4,1,1
512,2,1,2,2,2,1,7,1,2,1,1,2
519,2,1,2,2,2,2,4,2,4,3,1,1
520,2,1,2,2,2,1,7,3,1,4,1,1
525,2,1,2,2,2,1,7,1,2,4,1,1
526,2,1,2,2,2,2,7,1,2,4,1,2
527,2,1,2,2,2,2,4,2,1,4,1,1
532,2,1,2,2,2,3,4,2,4,3,1,1
534,1,1,2,2,2,1,4,1,2,4,1,1
536,2,1,2,2,2,2,7,1,2,1,1,4
538,2,1,2,2,2,1,7,2,4,2,1,1
539,1,1,1,2,2,1,6,2,1,3,1,1
542,2,1,2,2,2,2,4,2,4,3,1,5
547,2,1,1,2,2,1,3,3,1,2,1,1
555,2,1,1,2,2,1,6,2,1,4,1,1
560,2,1,2,2,2,2,7,2,2,3,1,2
565,2,1,2,2,2,2,7,1,2,1,1,3
567,1,1,2,1,2,1,2,2,3,2,1,5
579,2,1,2,2,2,1,7,3,1,4,1,1
586,2,2,1,2,2,1,7,2,4,4,1,5
589,2,1,2,2,2,1,3,2,1,4,1,1
592,2,1,2,2,2,1,3,2,1,3,1,5
600,2,1,1,2,2,2,6,2,4,3,1,3
603,2,1,1,2,2,1,7,1,3,1,1,4
607,2,1,2,2,2,3,7,1,2,4,1,1
609,2,1,2,2,2,3,7,2,4,3,1,1
611,2,1,1,2,2,1,3,1,3,1,1,1
618,2,1,2,2,2,1,3,2,1,4,1,1
623,2,1,2,1,2,3,3,1,2,4,1,1
654,2,1,2,2,2,3,3,2,3,3,1,1
659,2,1,2,2,2,3,4,2,3,2,1,1
660,2,1,2,2,2,1,3,1,2,2,1,1
661,2,1,2,2,2,3,7,2,3,4,1,1
662,2,1,2,2,2,2,7,1,2,1,1,1
671,2,1,2,2,2,3,4,1,2,4,1,1
672,2,2,2,2,2,3,6,2,1,4,1,1
673,2,1,2,2,2,1,7,2,4,4,1,3
678,1,1,2,2,2,1,3,2,1,4,1,1
679,2,1,1,2,2,3,3,2,4,2,1,1
680,2,1,2,2,2,3,6,2,4,2,1,1
689,2,2,2,2,2,1,6,2,2,1,1,3
691,2,1,2,2,2,1,7,2,3,2,1,1
692,1,1,2,2,2,1,3,2,1,4,1,1
701,1,1,2,2,2,2,4,1,1,1,1,1
705,1,1,1,2,2,2,4,2,1,3,1,3
706,1,1,2,2,2,2,6,2,4,4,1,1
707,2,1,2,2,2,2,3,1,2,1,1,1
719,1,1,2,2,2,1,6,2,1,2,1,1
724,1,1,2,2,2,1,6,2,2,2,1,1
731,2,1,2,2,2,2,6,2,1,2,1,1
734,2,1,2,2,2,1,3,1,2,1,1,1
736,1,1,1,2,2,1,3,1,2,4,1,1
739,1,1,2,2,2,1,6,2,2,4,1,2
742,2,1,2,2,2,1,3,2,1,2,1,1
746,2,1,2,2,2,1,3,1,2,1,1,1
750,2,1,2,2,2,2,7,1,2,3,1,1
756,1,1,1,2,2,1,7,2,1,4,1,1
757,2,1,2,2,2,1,6,2,4,4,1,1
760,2,1,2,2,2,2,7,1,2,3,1,1
764,2,1,2,1,2,2,3,2,4,4,1,1
771,2,1,2,2,2,3,1,1,1,3,1,1
773,2,1,1,2,2,2,4,2,1,4,1,1
777,2,1,2,2,2,3,4,2,4,3,1,1
781,2,1,2,2,2,1,7,1,2,2,1,1
786,2,1,2,2,2,3,7,1,2,1,1,5
793,2,1,2,2,2,3,7,1,2,1,1,3
801,2,1,2,2,2,2,7,2,3,3,1,3
804,2,1,2,2,2,2,7,2,4,2,1,3
805,2,1,2,2,2,2,7,1,2,1,1,3
811,2,1,2,2,2,2,7,1,3,1,1,3
815,1,1,2,2,1,2,4,2,4,2,1,1
820,2,1,1,2,2,1,4,2,2,2,1,1
822,2,1,2,2,2,1,2,1,2,2,1,1
823,2,1,2,2,2,2,3,1,2,4,1,1
825,2,1,1,2,1,3,1,2,2,4,1,2
827,1,1,1,2,2,2,6,2,4,4,1,1
830,1,1,2,2,2,2,7,1,2,4,1,4
832,2,1,2,2,2,2,4,1,2,1,1,1
834,2,1,1,2,2,1,6,1,2,4,1,1
853,2,1,2,2,2,1,3,1,2,4,1,1
854,2,1,1,2,2,2,3,2,4,4,1,1
855,2,1,2,2,2,2,7,2,2,4,1,1
856,1,1,1,2,2,1,3,1,4,4,1,1
858,2,1,2,2,2,2,3,1,2,1,1,1
860,2,1,2,2,2,1,6,2,2,3,1,2
864,2,1,2,2,2,1,7,1,2,1,1,1
869,2,1,2,2,2,1,3,1,2,1,1,1
870,2,1,2,2,2,2,4,1,2,4,1,5
871,2,1,2,2,2,1,3,2,4,4,1,1
877,2,1,2,2,2,2,3,1,2,1,1,1
882,2,1,2,2,2,2,7,1,2,2,1,1
883,2,1,2,2,2,1,7,1,3,4,1,1
887,2,1,2,2,2,3,3,1,3,2,1,3
891,2,1,2,2,2,2,7,1,1,4,1,3
892,2,1,2,2,2,2,3,2,4,2,1,3
899,1,2,2,2,2,1,7,1,2,4,1,1
900,2,2,2,2,2,4,7,1,2,2,1,2
901,2,1,2,2,2,4,7,2,4,3,1,5
911,1,1,1,2,2,2,6,1,2,1,1,5
919,1,1,1,2,2,2,4,2,4,2,1,3
923,2,1,2,2,2,2,3,1,2,4,1,1
928,2,1,2,2,2,3,4,1,2,1,1,3
936,2,1,2,2,2,1,3,2,4,4,1,1
939,1,1,2,2,2,2,4,2,1,2,1,1
941,2,1,2,2,2,1,3,1,2,1,1,1
945,2,1,2,2,2,3,6,1,2,1,1,5
953,2,2,2,2,2,1,3,2,4,4,1,5
955,1,1,2,2,2,3,6,2,1,4,1,4
957,2,2,2,2,2,3,3,1,2,4,1,1
958,1,1,2,2,2,3,3,2,4,4,1,3
960,1,1,2,2,2,3,6,2,4,4,1,2
965,2,1,2,2,2,1,4,2,1,3,1,1
968,1,1,1,2,2,3,3,2,2,4,1,3
970,2,1,2,2,2,2,7,2,1,3,1,3
973,2,1,2,2,2,2,6,1,2,1,1,5
977,2,1,2,2,2,2,3,1,2,1,1,1
980,2,1,2,2,2,2,6,1,2,1,1,1
981,2,1,1,2,2,2,4,1,2,2,1,1
983,1,1,1,2,2,2,4,1,2,4,1,1
984,2,1,2,2,1,3,1,1,2,1,1,4
986,2,1,1,2,2,1,3,2,1,4,1,1
990,2,1,2,2,2,2,3,2,4,3,1,3
991,2,1,2,2,2,1,7,1,2,4,1,3
995,1,1,1,2,2,2,7,2,3,3,1,1
997,2,1,1,2,2,1,7,2,4,4,1,1
998,2,1,2,2,2,1,7,2,1,3,1,2
1003,1,1,2,2,2,2,3,2,4,2,1,1
1007,2,1,2,2,2,3,7,1,2,4,1,3
1011,1,1,2,2,2,1,6,2,4,4,1,3
1013,2,1,2,2,2,3,7,1,2,4,1,1
1017,2,1,2,2,2,2,7,1,2,1,1,3
1018,2,1,2,2,2,2,4,2,1,4,1,5
1031,2,1,2,2,2,3,7,1,3,2,1,4
1032,2,1,2,2,2,1,3,3,1,4,1,1
1036,2,1,2,2,2,3,3,1,1,1,1,1
1041,1,1,2,2,2,2,4,1,2,3,1,1
1050,2,1,1,2,2,2,7,1,2,4,1,5
1063,2,1,2,2,2,3,7,1,2,4,1,2
1070,2,1,2,2,2,1,3,2,4,2,1,5
1076,2,1,2,2,2,2,4,3,4,3,1,1
1077,2,1,2,2,2,4,6,2,4,3,1,3
1092,2,1,2,2,2,1,7,3,4,2,1,1
1096,2,1,1,2,2,1,3,1,2,2,1,2
1107,2,1,1,2,2,3,7,1,2,4,1,1
1109,2,1,2,2,2,4,7,1,2,4,1,3
1113,2,1,2,2,2,1,3,2,1,4,1,4
1116,2,1,2,2,2,1,3,2,1,4,1,1
1121,2,1,2,2,2,3,3,2,4,4,1,1
1124,2,1,2,2,2,3,3,1,2,1,1,1
1130,2,1,2,2,2,1,3,1,2,1,1,1
1134,2,1,2,2,2,3,7,1,2,1,1,1
1140,2,1,2,2,2,1,3,3,4,4,1,1
1148,2,1,2,2,2,1,4,1,2,1,1,1
1155,2,1,2,2,2,1,7,1,2,4,1,1
1158,1,1,2,2,2,2,3,1,2,1,1,1
1159,2,1,2,2,2,3,3,1,1,4,1,1
1166,2,1,2,2,2,1,3,2,2,2,1,3
1170,2,1,2,1,2,3,7,1,2,2,1,4
1173,2,1,2,2,2,3,3,1,2,1,1,5
1176,1,1,2,2,2,3,7,1,2,1,1,1
1183,2,1,2,2,2,2,4,1,1,4,1,1
1190,2,1,2,2,2,4,7,2,2,4,1,1
1192,2,1,2,1,2,3,3,2,1,4,1,5
1195,1,1,2,2,2,2,3,2,4,4,1,3
1199,2,1,1,2,2,1,7,2,4,3,1,3
1200,2,1,2,2,2,2,7,1,2,1,1,1
1201,2,1,1,2,2,2,7,2,4,3,1,5
1204,2,2,2,2,2,1,7,2,1,4,1,1
1206,2,2,2,2,2,1,7,2,4,4,1,1
1207,2,1,2,2,2,3,3,1,4,4,1,1
1211,2,1,2,2,2,3,3,1,2,1,1,3
1214,1,1,2,2,1,3,7,2,3,3,1,1
1216,1,1,2,2,2,3,7,1,1,4,1,1
1220,2,1,2,2,2,1,7,2,4,4,1,1
1236,2,1,2,2,2,3,3,1,1,4,1,1
1239,2,1,2,2,2,2,4,1,2,1,1,1
1246,2,1,1,2,2,1,3,1,2,4,1,1
1250,1,1,2,2,1,3,3,2,4,1,1,1
1265,1,1,2,2,2,1,7,1,2,4,1,1
1266,2,1,2,2,2,1,7,1,2,4,1,1
1272,2,1,2,2,2,3,3,2,4,4,1,1
1281,2,1,2,2,2,3,7,1,2,1,1,1
1283,2,1,2,2,2,2,6,2,1,4,1,1
1286,2,1,2,2,2,2,7,2,1,4,1,1
1287,2,1,2,2,2,3,7,2,1,3,1,1
1290,2,1,2,2,2,2,3,2,1,4,1,1
1292,2,1,1,2,2,3,7,2,1,4,1,5
1301,2,1,2,2,2,3,3,3,4,4,1,1
1305,2,1,2,2,2,1,6,2,4,4,1,1
1309,2,1,2,2,2,2,3,2,1,4,1,1
1310,1,1,2,2,2,2,6,1,2,4,1,3
1317,2,1,2,2,2,2,3,1,2,1,1,1
1320,2,1,2,2,2,6,4,1,3,3,1,1
1323,1,1,2,2,2,3,4,2,4,4,1,5
1325,1,2,2,2,2,1,3,1,1,1,1,5
1327,2,1,2,2,2,2,3,2,1,4,1,4
1328,2,1,1,2,2,1,7,2,2,3,1,1
1333,2,1,2,2,2,1,7,1,2,1,1,1
1339,1,1,2,2,2,3,3,3,4,4,1,1
1341,2,1,2,2,2,2,6,2,1,4,1,2
1345,1,1,2,2,1,1,6,1,2,1,1,4
1351,1,1,2,2,2,1,6,1,2,4,1,1
1353,2,1,2,2,2,2,7,1,2,1,1,1
1356,2,1,2,2,2,1,3,1,3,4,1,1
1357,2,1,1,2,2,3,3,2,1,4,1,1
1360,2,1,2,2,2,3,7,1,2,1,1,1
1362,1,1,2,2,2,2,3,2,4,2,1,5
1371,2,1,2,2,2,2,6,3,1,4,1,1
1377,2,1,2,2,2,3,6,3,1,4,1,1
1382,1,1,2,2,2,2,4,1,2,1,1,5
1386,1,1,2,2,2,1,7,1,2,4,1,5
1387,2,1,2,2,2,3,6,1,1,4,1,3
1391,2,1,2,2,2,3,7,1,2,1,1,3
1393,2,1,2,2,2,1,7,1,3,3,1,1
1401,2,1,2,2,2,3,7,2,2,2,1,1
1406,2,1,1,2,2,3,7,1,2,1,1,1
1411,2,1,2,2,2,3,7,1,2,1,1,5
1412,1,1,2,2,2,1,3,1,2,4,1,1
1416,2,1,2,2,2,1,7,2,2,2,1,1
1419,2,1,2,2,2,3,7,2,1,4,1,1
1421,2,1,2,2,2,1,3,1,2,3,1,1
1426,2,2,1,2,2,1,7,2,1,2,1,1
1429,2,1,2,2,2,1,4,3,4,4,1,1
1436,2,1,2,2,2,3,7,2,4,4,1,1
1438,1,1,2,2,2,3,7,1,1,4,1,1
1440,2,1,2,2,2,3,6,2,1,2,1,1
1443,2,1,2,2,2,1,3,2,4,3,1,1
1444,2,1,2,2,2,1,7,2,3,2,1,1
1448,2,1,2,2,2,2,6,2,1,4,1,1
1450,2,1,2,2,2,1,6,2,1,4,1,1
1451,1,1,2,2,2,4,3,2,1,4,1,2
1453,2,1,2,2,2,1,4,3,1,3,1,2
1454,2,1,2,2,2,2,2,3,1,4,1,1
1457,2,1,2,2,2,2,7,3,1,4,1,1
1468,1,1,2,2,2,1,7,2,2,3,1,2
1472,2,1,2,2,2,2,3,1,2,1,1,1
1473,1,1,1,2,2,1,3,2,4,2,1,1
1480,2,1,2,2,2,1,7,1,2,1,1,1
1482,2,1,1,2,2,2,7,1,1,1,1,1
1485,2,1,2,2,2,1,7,1,2,1,1,1
1492,2,1,2,2,2,1,6,2,1,4,1,4
1495,1,1,1,2,2,1,3,2,1,4,1,1
1498,2,2,2,2,2,1,3,2,1,2,1,1
1499,1,1,2,2,2,1,7,2,4,3,1,5
1509,2,1,2,1,2,2,7,1,2,4,1,1
1515,1,1,2,2,2,1,3,2,1,4,1,1
1533,2,1,2,2,2,2,3,1,2,1,1,1
1542,1,1,2,2,2,4,7,2,1,4,1,1
1543,2,1,2,2,2,2,7,1,2,1,1,5
1551,2,1,2,2,2,3,7,1,2,1,1,1
1554,1,1,2,2,2,3,3,2,4,4,1,5
1557,2,1,2,2,2,3,3,2,3,4,1,4
1564,2,1,2,2,2,1,3,2,4,4,1,1
1568,2,1,2,2,2,1,7,2,3,3,1,1
1570,1,1,2,2,2,2,7,1,2,1,1,5
1576,2,1,1,2,2,1,4,1,2,1,1,1
1584,2,1,2,2,2,2,7,2,4,4,1,5
1596,2,1,2,2,2,1,3,2,4,4,1,2
1598,2,1,2,2,2,1,3,1,3,1,1,1
1605,2,1,1,2,2,1,3,2,2,1,1,1
1614,2,1,2,2,2,2,4,1,4,1,1,1
1615,2,1,2,2,2,2,3,1,2,1,1,2
1618,2,1,2,2,2,1,3,2,1,4,1,1
1620,2,1,2,1,1,3,6,1,2,4,1,1
1621,2,1,2,2,2,1,3,2,3,4,1,1
1623,2,1,2,2,2,1,7,2,1,3,1,1
1631,2,1,2,1,2,3,7,1,2,4,1,1
1633,2,1,2,2,2,2,7,1,2,1,1,1
1635,2,1,2,2,2,3,4,1,3,4,1,5
1637,2,1,2,2,2,3,7,1,2,4,1,1
1640,2,1,1,1,2,3,7,1,2,4,1,1
1641,2,1,2,2,1,3,7,1,2,1,1,1
1643,2,1,2,2,2,3,7,1,2,1,1,1
1645,2,1,2,2,2,2,4,1,2,1,1,1
1646,1,1,2,2,2,1,3,2,3,3,1,5
1649,2,1,2,2,2,3,7,1,2,1,1,1
1660,1,1,2,2,2,3,7,1,2,1,1,1
1669,2,1,2,2,2,3,7,1,3,2,1,2
1674,2,1,2,2,2,1,7,3,1,4,1,2
1687,2,1,2,2,2,3,7,1,2,4,1,1
1688,2,1,2,2,2,3,4,1,2,1,1,1
1698,2,1,2,2,2,3,4,2,4,4,1,1
1699,2,1,2,1,2,1,7,2,1,2,1,1
1704,2,2,2,2,2,1,3,1,2,1,1,1
1708,2,1,2,2,2,3,7,1,2,4,1,1
1714,1,1,2,2,2,2,3,2,1,4,1,1
1715,2,1,2,2,2,2,3,1,2,1,1,1
1719,2,1,2,2,2,2,7,2,4,4,1,1
1721,1,1,2,2,2,2,3,2,1,3,1,1
1732,2,1,2,2,2,1,6,3,1,4,1,1
1737,2,1,2,2,2,2,4,2,4,4,1,1
1742,2,1,1,2,2,2,7,2,4,2,1,5
1744,1,1,2,2,2,1,3,1,2,1,1,5
1746,1,1,2,2,2,2,4,2,1,3,1,1
1750,1,1,1,2,2,3,7,1,2,1,1,2
1754,2,1,2,2,2,1,6,1,2,1,1,1
1762,2,1,1,2,2,1,4,2,1,4,1,1
1763,2,1,1,2,2,1,7,1,2,1,1,1
1765,1,1,1,2,2,3,4,2,3,4,1,1
1767,2,1,2,2,2,1,4,3,1,3,1,1
1768,1,1,2,2,2,4,3,2,4,4,1,1
1774,2,1,2,2,2,3,3,2,1,4,1,1
1775,2,2,2,2,2,1,7,2,1,3,1,5
1781,2,1,2,2,2,1,4,2,1,2,1,1
1786,1,1,2,2,2,1,2,2,4,3,1,5
1797,1,1,2,2,2,2,7,1,2,4,1,1
1798,1,1,1,2,2,2,4,1,2,1,1,1
1799,2,1,1,2,2,2,6,2,1,3,1,1
1803,1,1,2,2,2,2,3,2,1,4,1,1
1806,2,1,1,2,2,1,7,1,4,1,1,5
1816,2,1,2,2,2,2,7,2,1,2,1,1
1819,1,1,1,2,2,2,7,1,2,4,1,1
1826,2,1,2,2,2,1,7,2,4,4,1,2
1844,2,1,1,2,2,1,2,1,2,4,1,5
1846,2,1,2,2,2,3,3,2,3,4,1,1
1847,1,1,2,1,1,1,1,2,3,1,1,4
1850,2,1,1,2,2,2,6,1,2,1,1,1
1856,2,1,1,2,2,3,7,1,2,4,1,2
1861,1,1,2,2,2,2,4,2,1,2,1,1
1867,2,1,1,2,2,1,7,2,1,4,1,1
1875,2,1,2,2,2,2,7,1,2,1,1,1
1884,2,1,2,2,2,2,3,1,2,4,1,1
1889,1,1,2,2,2,3,7,1,2,3,1,1
1895,1,1,2,2,2,1,6,1,3,4,1,1
1898,1,1,1,2,2,2,7,1,2,4,1,1
1903,2,1,2,2,2,2,7,1,2,1,1,1
1907,1,1,2,2,2,3,3,1,2,4,1,1
1920,1,1,2,2,2,2,3,2,4,2,1,5
1926,1,1,2,2,2,1,3,1,2,4,1,1
1935,2,1,2,2,2,2,7,1,2,1,1,2
1939,2,1,2,2,2,2,7,1,2,4,1,5
1948,2,1,1,2,2,2,4,1,2,1,1,1
1950,1,1,2,2,2,1,7,1,2,2,1,5
1951,2,1,2,2,2,2,3,2,4,2,1,1
1955,2,1,2,2,2,2,4,2,1,4,1,1
1956,2,1,2,2,2,1,7,1,3,2,1,5
1959,2,1,1,2,2,2,4,1,2,1,1,5
1967,2,1,2,2,2,3,7,1,2,1,1,5
1968,2,1,2,2,2,2,3,1,2,4,1,1
1970,2,1,1,2,2,2,6,2,1,2,1,1
1972,2,1,1,2,2,3,3,1,2,4,1,1
1976,2,1,1,2,2,1,7,1,2,3,1,1
1978,1,1,2,2,2,2,3,1,2,4,1,1
1979,2,1,2,2,2,2,7,1,2,1,1,3
1983,2,1,2,2,2,1,3,1,2,3,1,1
1984,1,1,2,2,2,1,7,1,2,4,1,1
1987,2,1,1,2,2,1,7,1,2,4,1,1
1990,2,1,2,2,2,1,7,2,4,4,1,3
1996,2,1,2,2,2,2,7,2,1,2,1,1
2000,2,1,2,2,2,1,3,2,1,4,1,1
2001,1,1,2,2,2,1,7,1,2,1,1,1
2002,2,2,2,2,2,1,7,2,1,4,1,5
2008,1,1,2,2,2,3,4,2,1,4,1,1
2010,2,1,2,2,2,2,7,1,2,1,1,3
2017,2,1,1,2,2,1,4,2,4,3,1,1
2019,2,1,2,2,2,1,7,2,1,4,1,5
2027,2,1,2,1,2,1,7,1,2,4,1,3
2038,2,1,2,2,2,2,3,1,2,4,1,1
2044,2,1,2,2,2,1,7,1,2,1,1,1
2047,2,1,2,2,2,2,7,2,3,4,1,3
2051,2,1,2,2,2,2,7,1,2,2,1,5
2053,2,1,2,2,2,2,7,1,2,1,1,2
2056,1,1,2,2,2,1,7,1,2,4,1,2
2059,2,1,2,2,2,2,3,2,1,1,1,1
2071,2,1,2,2,2,2,7,2,3,4,1,1
2072,2,2,2,2,2,1,3,2,1,4,1,1
2076,2,1,1,2,2,1,7,1,2,4,1,1
2082,2,2,2,2,2,1,6,2,1,2,1,1
2085,2,1,2,1,2,2,3,2,4,4,1,1
2087,2,1,2,2,2,1,7,1,2,1,1,1
2088,2,1,2,2,2,2,7,1,2,1,1,1
2093,1,1,1,2,2,1,6,1,2,1,1,1
2098,2,1,1,2,2,2,3,2,4,4,1,2
2101,2,1,2,2,2,1,7,2,4,3,1,1
2109,1,1,2,2,2,2,3,2,4,4,1,4
2111,2,2,2,2,2,2,3,2,3,4,1,1
2118,2,1,2,2,2,2,7,2,3,3,1,3
2119,2,1,1,2,1,2,1,3,1,1,1,1
2123,2,1,2,2,2,3,7,1,2,1,1,1
2125,2,1,2,2,2,3,7,2,4,3,1,5
2132,2,1,2,2,2,3,7,2,1,4,1,1
2134,1,1,2,2,2,2,6,2,4,2,1,5
2135,2,1,2,2,2,1,7,2,1,3,1,4
2147,2,1,1,2,2,1,7,1,1,4,1,1
2150,1,1,2,2,2,2,7,2,1,3,1,5
2151,2,1,2,2,2,2,6,2,3,2,1,1
2152,1,1,2,2,2,2,6,1,2,4,1,1
2155,2,1,2,2,2,1,7,1,1,1,1,1
2162,1,1,2,2,2,3,7,1,2,1,1,5
2179,2,1,2,2,2,1,7,1,1,1,1,2
2184,2,1,2,2,2,3,7,2,4,3,1,1
2185,1,1,1,2,2,1,3,3,1,4,1,1
2186,1,1,1,2,2,3,3,2,4,3,1,2
2192,2,1,2,2,2,1,7,2,4,3,1,1
2193,2,1,2,2,2,2,3,2,1,4,1,1
2206,1,1,2,2,2,1,6,3,1,4,1,1
2221,2,1,2,2,2,1,7,2,4,3,1,1
2224,2,1,2,2,2,1,3,3,1,4,1,1
2227,2,1,2,2,2,3,7,2,4,4,1,1
2229,1,1,2,2,2,2,7,1,2,1,1,5
2230,2,1,2,2,2,1,4,2,2,3,1,3
2232,2,1,2,2,2,3,7,2,4,3,1,1
2236,2,1,1,2,2,2,4,3,1,3,1,1
2240,1,1,2,2,2,2,7,2,3,2,1,3
2243,2,1,1,2,2,3,7,1,2,1,1,4
2245,2,1,2,2,2,1,4,2,1,1,1,1
2249,2,1,2,2,2,2,3,1,1,1,1,3
2250,2,1,2,2,1,2,7,1,2,1,1,1
2260,2,1,2,2,2,2,7,1,2,1,1,1
2263,2,1,2,2,2,2,7,1,3,4,1,2
2266,1,1,2,2,2,2,7,2,2,2,1,4
2267,2,1,2,2,2,3,7,2,4,4,1,2
2268,2,1,2,2,2,2,4,2,2,2,1,1
2269,2,1,2,2,1,3,4,1,2,1,1,1
2274,1,1,2,1,1,1,7,1,3,1,1,1
2281,2,1,1,2,2,2,4,1,2,1,1,1
2283,1,1,2,2,1,2,4,3,1,4,1,1
2284,2,1,2,2,2,3,7,2,2,4,1,3
2291,2,1,2,2,2,3,4,1,2,4,1,5
2294,2,1,2,2,2,2,4,3,4,4,1,1
2295,2,1,2,2,2,2,7,2,4,4,1,1
2296,2,1,2,2,2,3,7,2,1,4,1,1
2301,2,1,2,2,2,2,4,1,2,1,1,1
2302,2,1,2,2,2,2,7,1,2,4,1,3
2304,2,1,2,2,2,3,3,2,4,4,1,2
2305,2,1,2,2,1,2,1,2,1,2,1,1
2309,2,1,2,2,2,3,6,2,1,4,1,1
2312,2,1,2,2,2,2,4,2,4,4,1,1
2314,1,1,2,2,2,2,4,2,1,4,1,1
2319,2,1,2,2,2,3,7,1,2,2,1,5
2324,2,1,2,2,2,2,7,1,1,1,1,3
2326,2,1,2,2,2,3,3,2,1,3,1,1
2328,2,1,2,2,2,3,4,1,2,1,1,1
2333,2,1,2,2,2,3,7,2,1,4,1,2
2340,2,1,2,2,2,1,6,3,4,4,1,1
2341,2,1,2,2,2,2,7,1,1,1,1,3
2343,2,1,2,2,2,3,7,2,3,3,1,3
2349,1,1,2,2,2,3,3,3,4,4,1,1
2350,1,1,2,2,2,2,3,2,4,4,1,2
2357,1,1,2,2,2,2,3,2,3,4,1,1
2358,1,1,1,2,2,2,3,1,2,4,1,2
2367,1,1,2,2,2,1,6,3,1,4,1,1
2371,2,1,2,2,2,3,7,2,4,3,1,3
2384,2,1,2,2,2,3,4,1,2,1,1,1
2386,1,1,2,2,2,1,7,3,4,4,1,1
2396,1,1,1,2,2,3,4,1,2,1,1,1
2408,2,1,2,2,2,2,7,2,2,3,1,3
2411,2,2,1,2,2,1,3,2,1,4,1,1
2414,2,1,1,2,2,1,7,2,2,3,1,3
2433,2,1,2,2,2,1,3,1,2,4,1,2
2435,2,1,2,2,2,2,4,2,4,3,1,1
2450,2,1,2,2,2,3,3,2,1,3,1,3
2455,1,1,2,2,2,2,3,2,4,4,1,1
2465,1,1,2,2,2,2,3,1,2,1,1,2
2468,2,2,2,2,2,2,6,2,4,3,1,1
2474,2,1,2,2,2,2,3,1,2,1,1,3
2484,2,1,1,2,2,2,4,2,1,3,1,3
2495,2,1,2,2,2,2,4,2,1,3,1,3
2505,2,1,2,2,2,2,3,2,1,4,1,2
2518,1,1,2,2,2,2,3,2,1,4,1,1
2519,2,1,2,2,2,2,7,1,2,1,1,5
2522,1,2,2,2,2,1,3,1,2,4,1,2
2525,1,1,1,2,2,1,7,1,1,4,1,2
2527,1,1,2,2,2,2,6,1,2,1,1,1
2534,1,1,2,2,2,1,3,2,4,4,1,5
2539,2,1,2,2,2,2,4,2,1,4,1,5
2547,2,1,2,2,2,5,3,2,4,3,1,3
2551,2,1,2,2,2,1,6,2,1,4,1,1
2560,2,1,1,2,2,2,4,2,4,4,1,4
2562,2,1,2,2,2,2,3,2,1,4,1,5
2567,1,1,2,2,2,1,2,2,4,3,1,1
2574,1,1,2,2,2,1,6,2,4,4,1,5
2575,2,1,2,2,2,1,6,3,1,4,1,1
2576,2,1,2,2,2,1,7,1,2,2,1,1
2581,1,1,2,1,2,2,7,1,2,4,1,1
2586,2,1,2,2,2,2,6,1,2,4,1,2
2596,2,1,2,2,2,2,7,2,4,4,1,5
2598,2,1,2,2,2,1,7,1,2,4,1,3
2601,2,1,1,2,2,1,6,1,2,1,1,2
2621,1,1,2,2,2,2,3,2,1,4,1,1
2622,2,1,1,2,2,2,3,1,2,1,1,1
2636,1,1,2,2,2,2,3,1,2,1,1,2
2641,2,2,1,2,2,1,3,2,4,2,1,1
2658,2,1,2,2,2,2,7,1,3,4,1,3
2661,2,1,2,2,2,2,4,1,2,1,1,1
2674,1,2,1,2,2,2,3,2,4,4,1,1
2688,1,1,2,2,2,1,6,2,3,2,1,2
2694,2,1,2,2,2,2,4,2,1,2,1,5
2696,2,1,2,2,2,2,7,2,4,4,1,1
2710,2,1,1,2,2,2,3,1,2,4,1,1
2717,2,1,2,2,2,2,3,3,1,4,1,1
2718,1,1,2,2,2,1,4,2,4,4,1,4
2719,2,1,2,2,2,1,7,2,4,4,1,2
2721,2,1,2,2,2,2,7,1,2,1,1,1
2737,2,1,1,2,2,1,3,2,1,3,1,1
2748,2,2,1,2,2,1,6,1,2,1,1,5
2751,2,1,2,2,2,2,3,2,4,3,1,3
2757,1,1,2,2,2,2,4,1,1,2,1,1
2758,2,1,2,1,2,1,3,2,1,4,1,3
2765,2,1,1,2,2,2,7,1,2,4,1,2
2766,2,1,2,2,2,2,7,2,1,3,1,1
2781,2,1,2,1,2,2,3,2,1,4,1,5
2790,2,1,2,1,2,1,7,2,4,3,1,3
2791,2,1,1,2,2,2,7,2,4,4,1,3
2794,1,1,2,1,2,1,3,1,2,4,1,1
2796,1,1,2,2,1,2,4,1,4,3,1,1
2803,2,1,2,2,2,2,7,2,3,3,1,1
2823,1,1,2,2,2,2,7,1,2,1,1,1
2840,2,1,2,2,2,1,3,2,4,2,1,3
2844,1,1,2,1,1,3,6,2,4,4,1,5
2855,2,1,2,2,2,2,3,1,2,4,1,2
2861,1,1,2,2,2,1,6,2,1,4,1,1
2868,1,1,2,2,2,1,6,2,1,4,1,1
2874,2,1,2,2,2,1,4,1,2,1,1,4
2884,2,1,2,2,2,1,6,2,4,4,1,2
2887,2,1,2,2,2,2,7,2,4,4,1,2
2892,1,1,2,2,2,2,3,2,4,4,1,2
2902,2,1,1,2,1,1,7,1,2,1,1,1
2912,1,1,2,2,2,2,3,2,4,4,1,5
2913,2,1,2,2,2,1,7,1,2,1,1,1
2916,2,1,2,2,2,1,3,2,4,3,1,1
2918,1,1,2,2,2,1,7,1,2,1,1,1
2923,1,2,2,2,2,2,7,1,2,4,1,3
2925,2,1,2,2,2,1,3,2,4,2,1,2
2928,2,1,2,2,2,2,7,1,1,2,1,3
2932,2,1,2,2,2,2,7,2,3,1,1,4
2939,1,1,2,2,2,2,7,1,2,4,1,3
2942,2,1,2,2,2,3,7,1,2,1,1,3
2946,1,1,1,2,2,1,3,2,1,4,1,1
2950,2,1,2,2,2,1,3,1,1,4,1,1
2952,1,1,2,2,2,3,3,2,1,4,1,1
2953,2,1,2,2,2,2,3,2,3,4,1,2
2966,1,1,2,2,2,1,6,1,2,1,1,5
2972,2,1,2,2,2,2,4,2,4,4,1,1
2973,2,1,1,2,2,2,6,1,2,1,1,1
2978,1,1,1,2,2,2,7,1,2,4,1,1
2980,1,1,2,2,2,1,7,1,2,1,1,4
2982,1,1,2,2,1,1,3,2,4,4,1,1
2987,2,1,2,2,2,1,3,2,1,2,1,3
2994,2,1,2,2,2,1,7,1,2,1,1,1
2995,1,2,2,2,2,1,6,1,2,4,1,5
2998,2,1,2,2,2,1,7,2,1,3,1,1
3001,2,1,2,2,2,2,3,1,2,1,1,3
3002,2,1,1,2,2,2,3,2,4,4,1,1
3026,1,1,2,2,2,2,3,3,4,4,1,1
3030,2,1,2,2,2,1,3,1,2,1,1,1
3032,2,1,2,2,2,2,7,2,1,1,1,4
3036,2,1,2,2,2,1,6,1,2,1,1,5
3041,2,1,1,2,2,2,4,1,2,4,1,3
3042,1,1,2,2,2,2,3,1,4,4,1,2
3043,2,2,2,2,2,0,7,3,1,4,1,5
3049,2,1,2,2,2,2,4,1,1,1,1,1
3062,1,1,2,2,2,3,7,1,2,4,1,1
3063,2,1,2,2,2,2,4,2,1,4,1,1
3067,2,1,2,2,2,1,7,1,3,4,1,1
3077,2,1,1,2,2,2,4,2,4,4,1,1
3086,2,1,2,2,2,1,7,2,4,3,1,1
3087,1,1,2,1,1,3,4,2,2,4,1,5
3088,2,1,2,2,2,3,3,2,4,4,1,1
3092,2,1,2,2,2,3,7,1,2,1,1,4
3103,1,1,2,2,1,3,7,2,4,3,1,1
3110,2,1,2,2,2,0,7,1,2,1,1,5
3116,2,1,2,2,2,0,3,2,4,4,1,1
3117,2,1,1,2,2,0,6,1,2,1,1,1
3122,1,1,2,1,2,0,3,2,1,4,1,5
3128,2,1,1,2,2,2,7,1,2,1,1,1
3149,2,1,1,2,2,1,2,2,1,2,1,1
3151,2,1,2,2,2,0,7,1,2,4,1,1
3152,2,1,2,2,2,0,3,2,1,3,1,5
3160,2,1,2,2,2,1,3,3,1,1,1,3
3161,2,1,2,2,2,2,6,1,1,3,1,5
3162,2,1,2,1,2,0,3,2,1,4,1,2
3165,2,1,1,2,2,0,3,2,1,4,1,1
3168,1,1,2,2,2,1,3,2,4,4,1,5
3174,2,1,2,2,2,2,4,1,2,4,1,5
3179,2,1,2,2,2,0,7,1,1,1,1,1
3182,2,1,2,1,2,1,3,2,4,4,1,5
3183,2,2,2,2,2,0,6,2,1,4,1,4
3185,2,2,2,2,2,0,3,2,1,4,1,1
3190,2,2,2,2,2,0,7,1,2,1,1,1
3191,1,2,2,2,2,0,6,1,2,3,1,1
3196,2,1,2,2,2,1,6,1,2,1,1,1
3198,1,2,2,2,2,0,7,1,2,1,1,1
3200,2,1,1,2,2,1,6,1,2,1,1,1
3202,2,2,2,2,2,0,7,1,2,1,1,5
3203,2,1,2,2,2,0,7,1,2,1,1,1
3204,2,1,2,2,2,2,7,1,2,2,1,4
3205,2,1,2,2,2,1,3,2,1,4,1,2
3210,2,1,1,2,2,2,7,1,3,4,1,5
3219,2,1,2,2,2,2,5,2,4,4,1,5
3221,2,1,2,2,2,2,7,1,2,1,1,3
3222,1,1,2,2,2,3,4,2,4,4,1,5
3224,2,1,2,2,2,1,6,3,1,4,1,4
3228,2,1,2,2,2,1,2,2,1,4,1,5
3232,1,1,2,2,2,1,4,1,2,2,1,4
3237,2,1,2,2,2,1,3,1,2,1,1,1
3245,2,1,2,2,2,0,3,2,4,2,1,1
3246,2,1,2,2,2,0,6,2,1,2,1,1
3250,2,1,2,2,1,1,7,2,2,2,1,1
3254,1,1,1,2,2,0,3,2,4,4,1,3
3281,2,1,2,2,2,0,7,1,2,4,1,1
3308,2,1,2,2,2,0,7,1,2,4,1,1
3311,1,1,2,2,2,0,7,1,2,1,1,5
3315,2,1,1,2,1,0,7,2,4,3,1,5
3316,1,1,1,2,2,1,3,2,4,4,1,4
3317,2,1,2,2,2,1,3,1,2,1,1,1
3320,2,1,2,2,2,0,7,1,2,1,1,1
3324,2,2,2,2,2,0,6,1,2,1,1,1
3330,1,1,2,2,2,0,3,1,2,1,1,2
3339,2,2,2,2,2,0,3,1,2,1,1,1
3344,2,1,2,2,2,0,3,1,2,1,1,1
3345,1,1,2,2,2,3,4,1,2,4,1,5
3352,1,1,2,2,2,3,4,1,2,4,1,5
3355,2,1,2,2,2,2,3,2,1,1,1,2
3362,2,1,2,2,2,3,4,1,2,1,1,1
3366,1,1,2,2,2,3,4,2,1,3,1,1
3369,2,1,1,2,2,0,3,1,2,1,1,1
3371,1,1,2,2,2,2,4,2,4,3,1,2
3375,2,1,2,2,2,2,4,1,2,1,1,1
3376,2,2,2,2,2,0,7,2,4,4,1,5
3382,2,1,2,2,2,1,3,2,4,4,1,5
3383,1,1,2,2,2,1,7,2,1,3,1,5
3388,2,1,2,2,2,1,4,2,4,3,1,5
3392,1,1,2,2,2,2,4,2,3,4,1,1
3394,2,1,2,2,2,1,6,2,2,3,1,1
3396,2,2,2,2,2,1,7,1,2,1,1,1
3401,2,2,2,2,2,0,3,2,2,2,1,1
3407,1,1,2,2,2,0,3,2,1,4,1,5
3409,2,1,2,2,2,2,7,1,2,1,1,1
3418,2,1,2,2,2,0,7,1,2,4,1,3
3423,2,2,2,2,2,0,6,2,4,4,1,5
3427,2,1,2,2,2,0,6,1,2,3,1,2
3433,2,1,2,2,2,2,7,1,1,4,1,1
3434,2,2,2,2,2,0,7,1,2,4,1,5
3436,2,1,2,2,1,1,6,2,1,4,1,1
3437,2,2,2,2,2,2,7,1,2,1,1,1
3441,2,1,2,2,2,1,3,3,1,4,1,1
3445,1,1,2,2,2,0,6,1,2,4,1,1
3446,2,1,2,2,2,2,7,1,2,1,1,3
3447,2,1,2,2,2,1,7,2,4,2,1,1
3455,2,2,1,2,2,1,7,1,2,1,1,1
3457,2,1,2,2,2,0,3,2,4,4,1,1
3462,1,1,2,1,2,2,4,2,1,4,1,2
3463,2,1,2,2,2,2,4,2,4,3,1,1
3473,2,1,2,2,2,0,3,2,4,3,1,2
3478,2,1,2,2,2,1,7,2,4,3,1,1
3479,1,2,1,2,2,0,6,1,2,1,1,1
3480,2,2,1,2,2,0,7,1,2,4,1,2
3482,2,1,1,2,2,1,7,1,2,4,1,1
3490,2,2,2,2,2,0,7,1,1,1,1,1
3500,2,1,2,2,2,2,7,1,2,4,1,1
3502,2,2,1,2,2,0,7,1,2,1,1,1
3503,1,1,2,2,2,1,6,2,4,4,1,1
3508,2,2,2,2,2,0,3,2,1,4,1,1
3509,1,1,2,1,2,1,3,1,2,1,1,1
3515,2,2,1,2,2,0,6,3,1,4,1,1
3516,2,1,2,2,2,0,6,1,2,1,1,1
3520,2,2,2,2,2,0,3,1,1,1,1,1
3522,1,1,2,2,2,1,3,2,4,2,1,1
3525,2,1,2,2,2,1,6,1,2,1,1,1
3526,2,2,2,2,2,0,3,2,2,4,1,5
3530,2,1,2,2,2,0,6,1,2,1,1,1
3531,2,2,2,2,2,0,3,2,1,2,1,1
3534,2,1,2,2,2,0,7,1,2,1,1,1
3541,1,1,2,2,2,1,7,2,4,3,1,1
3544,2,1,2,2,2,1,6,1,2,1,1,1
3548,2,1,2,2,2,0,6,1,1,4,1,1
3554,1,2,2,2,2,0,7,1,2,4,1,4
3558,1,1,2,2,2,3,3,1,2,2,1,1
3567,2,1,2,2,2,2,4,1,2,1,1,1
3572,1,2,2,2,2,0,6,1,1,4,1,4
3581,1,1,2,2,2,1,7,2,1,4,1,5
3584,2,1,2,2,2,0,6,2,4,3,1,1
3588,1,2,2,2,2,0,7,1,2,1,1,1
3601,2,1,2,2,2,0,6,1,2,1,1,5
3602,2,2,2,2,2,0,7,2,1,3,1,1
3615,2,2,1,2,2,0,7,2,4,3,1,1
3622,2,1,2,2,2,2,7,1,2,1,1,1
3631,2,1,2,2,2,0,7,1,2,4,1,2
3643,1,2,2,2,2,0,7,1,2,4,1,5
3646,1,1,2,1,2,2,3,2,4,3,1,1
3651,2,2,2,2,2,0,3,3,1,4,1,1
3654,1,1,2,2,2,2,4,2,4,3,1,2
3655,2,1,2,2,2,2,4,1,2,4,1,3
3657,1,1,1,2,2,0,3,2,1,4,1,3
3660,2,2,2,2,2,0,3,2,4,4,1,1
3665,1,1,2,2,2,2,7,1,4,4,1,1
3673,1,1,1,2,2,1,7,1,2,1,1,3
3676,2,1,2,2,2,0,3,2,4,4,1,1
3684,2,1,2,2,2,1,7,1,2,1,1,1
3687,2,1,2,2,2,1,7,2,4,4,1,1
3691,2,1,2,2,2,1,7,1,4,1,1,1
3692,1,1,2,1,2,0,3,1,2,4,1,5
3694,2,2,2,2,2,0,7,1,2,1,1,1
3696,2,1,2,2,2,0,3,1,2,1,1,1
3698,2,1,2,2,2,2,7,1,2,1,1,1
3708,2,1,2,2,2,1,3,1,2,1,1,3
3711,2,2,2,2,2,0,3,2,1,4,1,1
3718,2,1,2,2,2,1,3,2,4,4,1,1
3720,2,1,2,2,2,0,6,2,1,4,1,1
3728,2,1,2,2,2,2,7,2,4,2,1,5
3736,1,1,1,2,2,0,7,1,2,1,1,1
3742,1,1,2,2,2,2,4,2,1,2,1,1
3743,2,1,2,1,2,2,3,2,1,4,1,1
3745,1,2,2,2,2,0,6,1,1,3,1,1
3750,1,1,2,2,2,2,7,1,3,2,1,1
3751,1,1,1,2,2,0,6,1,2,4,1,1
3755,2,2,1,2,2,0,6,1,2,1,1,1
3767,2,2,2,2,2,0,7,2,4,3,1,1
3775,2,1,2,2,2,1,3,1,2,1,1,1
3776,2,1,2,2,2,1,3,1,2,1,1,1
3777,2,2,2,2,2,0,6,2,2,2,1,3
3781,2,1,2,2,2,1,3,1,2,1,1,1
3782,2,1,2,2,2,1,3,1,2,1,1,1
3784,2,1,2,2,2,2,7,1,2,1,1,1
3788,2,1,2,1,2,1,6,1,2,1,1,1
3789,2,1,1,2,2,0,7,2,1,4,1,1
3793,2,1,2,2,2,0,7,3,4,4,1,1
3795,2,2,2,2,2,0,3,1,2,1,1,2
3798,2,1,2,2,2,1,3,1,2,1,1,1
3799,2,1,2,2,2,1,3,2,1,2,1,1
3812,2,2,2,2,2,0,6,2,1,4,1,1
3815,1,1,2,2,2,0,3,1,2,4,1,1
3818,2,1,1,2,2,0,7,2,1,4,1,1
3825,2,2,2,2,2,0,3,2,1,4,1,1
3834,2,1,2,2,2,1,6,1,2,3,1,4
3837,2,1,2,2,2,0,1,2,1,4,1,3
3841,2,1,2,2,2,2,4,1,2,4,1,1
3842,1,1,2,2,2,0,6,2,4,4,1,1
3848,2,1,2,2,2,1,2,2,1,2,1,1
3852,1,1,1,2,2,0,6,1,2,1,1,2
3854,2,1,2,2,2,1,4,1,2,1,1,1
3861,2,1,2,2,2,0,6,2,1,3,1,2
3862,2,2,2,2,2,0,7,1,3,1,1,1
3875,2,1,2,2,2,2,4,1,1,1,1,1
3880,2,1,2,2,2,1,3,2,1,4,1,1
3887,2,1,2,2,2,0,6,2,1,3,1,1
3892,1,1,1,2,1,0,1,3,1,1,1,3
3904,2,1,2,2,2,2,4,1,2,4,1,4
3905,1,1,2,2,1,0,7,1,3,4,1,1
3909,2,1,2,2,2,0,6,2,4,3,1,1
3912,2,2,1,2,2,0,6,3,1,3,1,1
3921,2,2,1,2,2,0,6,1,2,1,1,1
3927,1,1,2,2,1,0,7,1,2,1,1,1
3935,1,1,2,2,2,2,4,1,2,4,1,1
3937,1,1,2,2,2,2,4,1,3,4,1,2
3942,2,1,2,2,2,1,3,2,1,4,1,3
3957,2,1,2,2,2,1,7,1,2,3,1,4
3958,1,1,2,2,2,0,7,1,1,4,1,1
3962,1,1,2,2,2,2,4,1,1,4,1,5
3965,2,2,2,2,2,0,7,1,1,1,1,1
3971,2,1,2,2,2,1,4,1,2,3,1,4
3979,2,2,2,2,2,0,6,2,1,3,1,1
3991,2,1,2,2,2,0,7,1,2,4,1,2
3997,2,1,2,2,2,2,4,2,1,3,1,1
3998,1,1,2,2,2,2,4,1,2,1,1,1
4007,2,2,2,2,2,0,7,1,2,1,1,1
4011,2,1,2,2,2,3,7,1,3,3,1,2
4012,1,1,2,2,2,0,7,1,2,1,1,1
4017,2,1,2,2,2,2,7,1,3,2,1,2
4021,2,1,2,2,2,0,3,2,1,1,1,3
4030,1,1,2,2,1,2,1,2,1,4,1,1
4055,1,1,2,2,2,2,4,1,2,4,1,1
4059,2,2,2,2,2,0,7,1,2,1,1,1
4062,2,2,2,2,2,0,7,1,2,1,1,3
4074,2,1,2,2,2,0,7,1,2,4,1,2
4088,2,1,2,2,1,0,3,2,2,1,1,1
4091,2,1,2,1,1,3,6,1,2,4,1,4
4093,2,1,2,2,2,0,7,1,2,1,1,1
4094,2,1,2,2,2,1,6,1,2,4,1,5
4098,2,1,2,2,2,2,4,1,2,1,1,1
4102,2,1,1,2,2,1,6,1,3,4,1,5
4108,2,2,2,2,2,0,7,2,1,4,1,4
4109,2,1,2,2,2,0,3,1,2,1,1,1
4111,2,1,2,2,1,2,4,1,2,1,1,2
4112,1,1,1,2,2,2,7,1,2,1,1,1
4116,2,1,2,2,2,1,3,1,1,4,1,3
4119,2,1,1,2,2,2,7,1,2,4,1,5
4121,2,1,2,2,2,0,7,1,3,3,1,2
4123,2,1,2,2,2,0,7,2,4,2,1,1
4125,2,2,2,2,2,0,3,1,2,1,1,1
4128,1,2,2,2,2,0,7,1,2,2,1,5
4129,1,1,2,2,2,0,7,2,4,4,1,5
4136,2,1,2,2,2,1,7,1,2,3,1,1
4137,2,1,2,2,2,0,7,1,1,4,1,5
4140,2,1,2,2,2,1,3,1,2,3,1,3
4147,2,1,2,1,2,0,7,1,3,3,1,2
4157,1,1,2,2,2,0,6,2,1,4,1,1
4158,2,1,1,2,2,0,3,2,1,3,1,1
4161,1,1,2,2,2,2,4,2,4,4,1,2
4163,2,1,1,2,2,0,7,2,1,3,1,4
4164,1,1,2,2,2,3,3,2,4,4,1,1
4174,1,1,2,2,2,3,3,2,4,4,1,1
4203,1,1,2,2,2,0,3,1,2,4,1,3
4211,2,2,2,2,2,0,2,2,4,4,1,1
4212,1,2,2,2,2,0,1,3,4,3,1,3
4224,1,1,2,2,2,0,7,2,1,4,1,1
4225,2,1,2,2,2,0,3,1,2,4,1,2
4232,1,1,2,2,2,1,3,2,4,4,1,1
4233,2,1,2,2,2,0,7,1,2,1,1,1
4236,2,2,2,2,2,0,7,1,2,4,1,1
4248,2,1,2,2,1,2,1,1,1,4,1,1
4256,1,1,2,2,2,2,7,1,2,1,1,1
4266,1,1,2,1,2,0,6,1,2,1,1,4
4271,2,1,2,2,2,0,7,2,4,4,1,5
4274,2,2,2,2,2,0,7,1,1,2,1,1
4278,2,1,1,2,2,0,3,2,1,4,1,1
4279,1,1,2,2,2,2,4,2,4,4,1,1
4283,1,1,2,2,2,0,7,1,2,1,1,4
4292,2,1,2,2,2,0,7,1,1,1,1,1
4293,2,1,2,2,2,3,7,1,2,4,1,1
4297,2,1,2,2,2,1,7,1,2,1,1,1
4301,1,1,2,2,2,2,4,1,2,1,1,3
4302,2,1,2,2,2,2,7,2,1,4,1,1
4303,2,1,2,2,2,2,4,2,4,4,1,3
4304,1,2,2,2,2,0,3,2,1,4,1,1
4305,2,2,2,2,2,0,7,2,1,4,1,2
4306,1,1,2,2,2,2,4,1,2,1,1,4
4307,2,1,2,2,2,2,4,1,2,2,1,1
4308,2,1,2,2,2,2,4,2,3,4,1,4
4311,2,2,2,2,2,1,3,2,3,4,1,2
4313,1,2,2,2,2,0,7,1,2,1,1,1
4320,2,1,2,1,2,0,3,1,2,4,1,1
4323,1,1,2,2,2,0,6,1,2,2,1,3
4328,1,1,2,2,2,0,7,1,2,4,1,1
4335,1,1,2,2,2,0,7,1,2,4,1,2
4336,2,1,2,2,2,2,4,1,2,1,1,1
4344,2,1,2,2,2,2,7,1,2,1,1,1
4346,1,1,2,1,2,0,3,1,2,4,1,1
4348,2,1,2,2,2,3,4,1,3,4,1,1
4354,2,1,2,2,2,2,4,1,2,1,1,1
4362,1,1,2,2,2,2,3,1,2,4,1,2
4367,2,1,2,2,2,0,6,2,1,4,1,1
4369,2,1,2,2,2,2,4,2,4,4,1,2
4375,1,1,2,2,2,2,3,2,4,4,1,2
4378,2,1,2,2,2,2,4,2,4,4,1,2
4384,1,1,2,1,2,1,3,2,4,2,1,3
4387,2,1,2,2,2,2,4,1,2,1,1,1
4391,2,2,2,2,2,0,7,1,3,4,1,1
4393,2,1,2,2,2,1,3,2,4,3,1,1
4400,2,1,1,2,2,1,3,2,4,3,1,1
4403,2,1,2,1,2,2,4,1,2,3,1,1
4407,1,1,2,2,2,0,7,1,3,3,1,1
4411,2,1,2,1,2,2,4,1,2,2,1,1
4413,2,1,2,2,2,1,6,1,2,4,1,1
4416,2,1,2,2,2,1,7,1,2,1,1,3
4421,1,1,2,1,2,3,3,1,3,1,1,2
4422,2,1,2,2,2,0,3,2,4,4,1,1
4428,1,1,2,2,2,1,7,2,3,2,1,5
4432,1,1,1,2,2,3,3,2,4,2,1,3
4435,2,2,2,2,2,0,7,2,4,2,1,1
4444,1,1,2,2,2,0,3,2,2,4,1,1
4446,1,1,2,2,2,0,6,1,2,4,1,3
4449,2,2,2,2,2,0,3,2,4,2,1,1
4450,2,1,2,2,2,1,7,1,2,1,1,1
4457,1,1,2,2,2,1,6,1,2,1,1,4
4464,2,2,2,2,2,0,7,1,2,4,1,2
4466,1,2,2,2,2,0,6,1,3,1,1,3
4468,2,1,2,2,2,1,3,2,1,4,1,1
4469,2,2,2,2,2,0,7,1,2,1,1,1
4470,1,1,2,2,2,1,6,2,4,4,1,1
4478,2,1,2,1,1,1,7,1,2,1,1,1
4481,2,2,2,2,2,0,3,1,2,1,1,3
4489,2,1,2,1,1,1,6,1,3,1,1,1
4494,1,1,2,2,2,2,4,2,4,2,1,3
4495,2,1,2,2,2,1,7,1,3,4,1,1
4502,2,1,2,1,2,0,6,1,1,4,1,4
4506,2,2,1,2,2,1,7,2,4,3,1,1
4513,2,1,2,2,2,2,4,3,4,3,1,3
4520,1,1,2,2,2,2,7,1,2,4,1,5
4522,2,2,1,2,2,0,6,2,4,2,1,5
4524,2,1,2,2,2,0,3,3,4,4,1,1
4525,2,2,2,2,2,0,6,3,4,1,1,1
4526,2,1,2,2,2,0,6,3,1,2,1,1
4527,2,1,2,2,2,0,7,2,4,4,1,1
4528,2,2,2,2,2,0,3,1,2,1,1,1
4529,1,1,2,2,2,2,4,1,2,1,1,3
4530,2,1,2,2,2,0,7,2,4,3,1,3
4532,1,1,2,2,2,2,4,1,2,1,1,4
4537,2,1,2,2,2,0,6,2,1,3,1,2
4542,2,1,1,2,2,1,7,1,2,1,1,1
4548,2,1,2,2,2,1,7,1,2,1,1,3
4555,2,1,2,2,2,1,7,1,2,1,1,1
4561,1,1,2,1,2,0,3,2,1,4,1,1
4566,2,1,1,2,2,0,3,2,3,4,1,2
4588,2,1,1,2,2,0,6,2,1,4,1,2
4599,2,1,2,2,2,0,6,1,1,4,1,2
4600,2,2,1,2,2,0,7,2,4,4,1,1
4605,1,1,2,1,2,2,6,2,3,4,1,3
4607,1,1,2,2,2,0,3,2,4,4,1,1
4609,1,1,2,1,2,3,4,1,2,4,1,1
4611,2,1,2,2,2,0,7,2,4,4,1,5
4630,1,1,2,2,2,2,4,1,2,3,1,3
4633,1,1,1,2,2,3,4,3,1,4,1,5
4634,2,2,2,2,2,0,7,1,2,1,1,5
4637,2,1,1,2,2,2,3,1,2,1,1,3
4638,2,1,2,2,2,0,3,1,2,1,1,5
4640,1,1,2,2,2,2,4,1,3,4,1,2
4650,1,1,1,2,2,2,4,3,1,4,1,1
4652,2,2,2,2,2,0,3,2,4,2,1,1
4659,1,1,2,1,2,2,3,2,4,2,1,1
4663,2,2,2,2,2,1,7,1,2,1,1,5
4668,2,1,2,2,2,2,7,2,4,4,1,5
4671,2,1,2,2,2,2,6,1,2,3,1,1
4676,1,1,2,2,2,3,3,1,2,1,1,3
4689,2,1,2,2,2,2,4,2,1,3,1,1
4696,2,1,2,2,2,3,4,2,4,4,1,1
4698,1,1,2,2,2,1,7,2,4,4,1,2
4702,1,1,2,2,2,3,3,2,4,4,1,3
4703,2,1,2,2,2,2,4,2,1,2,1,1
4704,2,1,2,2,2,2,4,1,3,4,1,2
4705,2,1,2,2,2,0,6,2,1,4,1,5
4709,2,2,2,2,2,0,7,1,2,1,1,1
4713,1,1,2,2,2,0,6,1,2,3,1,4
4716,2,2,1,2,2,0,7,1,2,4,1,1
4719,2,1,2,2,2,0,6,2,1,4,1,5
4729,1,1,2,2,2,0,3,2,4,4,1,3
4738,2,1,2,2,2,2,4,1,2,4,1,3
4741,2,1,2,2,2,2,4,2,4,3,1,1
4745,2,1,2,2,2,0,7,1,2,1,1,1
4749,2,1,2,2,2,3,4,2,1,2,1,1
4754,2,1,2,1,2,0,3,2,4,4,1,3
4765,1,1,2,2,2,1,3,3,1,4,1,1
4772,1,1,2,2,1,2,4,1,2,1,1,3
4774,2,1,2,2,2,3,3,1,2,3,1,1
4784,2,1,2,1,2,0,6,1,2,1,1,4
4787,2,1,2,2,2,0,7,1,1,4,1,2
4790,2,2,2,2,2,0,3,1,2,2,1,1
4792,2,1,1,2,2,1,3,1,2,1,1,3
4793,1,2,2,2,2,0,1,1,2,1,1,1
4794,2,1,2,2,2,0,6,2,1,2,1,1
4795,2,2,2,2,2,0,3,1,2,1,1,1
4797,2,1,2,2,2,1,3,3,1,4,1,1
4799,1,1,2,2,2,0,7,1,2,1,1,5
4801,2,2,2,2,2,1,6,2,4,3,1,2
4809,2,2,2,2,2,1,3,1,2,1,1,1
4813,2,1,2,2,2,2,7,1,2,1,1,3
4814,2,1,2,2,2,1,3,1,2,1,1,3
4817,2,1,2,2,2,0,7,3,4,3,1,5
4826,2,1,2,2,2,0,7,1,3,4,1,5
4827,2,2,2,2,2,0,3,2,1,2,1,1
4836,2,1,2,2,2,1,3,1,2,4,1,1
4839,1,1,2,2,2,1,1,1,2,4,1,3
4841,1,1,2,2,2,0,6,1,2,1,1,1
4853,1,2,2,2,2,0,3,1,1,1,1,1
4854,2,1,2,2,2,2,3,2,1,3,1,1
4855,2,1,2,2,2,0,6,1,2,1,1,1
4864,2,2,2,2,2,0,7,1,2,4,1,1
4871,2,1,2,2,2,0,7,1,2,1,1,2
4875,2,2,2,2,2,0,7,1,2,4,1,5
4877,2,1,2,2,2,2,4,2,1,2,1,5
4878,2,1,2,2,2,3,4,2,4,4,1,5
4887,2,1,2,2,2,3,4,1,2,1,1,1
4888,2,1,2,2,2,3,3,2,1,4,1,1
4902,2,1,2,2,2,2,4,2,1,2,1,1
4908,1,1,2,2,2,2,3,2,1,4,1,3
4910,2,1,2,2,2,0,3,2,1,3,1,5
4915,1,1,2,2,2,0,3,1,2,4,1,3
4925,1,2,2,2,2,0,3,1,2,4,1,3
4929,2,1,2,1,1,2,1,2,2,4,1,1
4932,1,2,2,2,2,0,3,1,2,2,1,1
4933,2,1,2,2,2,0,6,1,2,1,1,1
4935,2,1,2,2,2,0,7,1,2,1,1,1
4937,1,1,2,2,2,2,3,2,4,4,1,5
4942,2,1,2,2,2,0,3,1,2,4,1,3
4944,2,1,2,2,2,0,7,1,2,1,1,1
4948,2,1,2,2,2,0,3,1,2,4,1,3
4951,2,1,2,2,2,0,6,2,3,3,1,1
4963,2,1,2,2,2,3,7,2,1,2,1,3
4964,2,1,2,2,2,1,2,1,4,2,1,1
4967,2,1,2,2,2,1,3,2,1,4,1,3
4971,2,1,2,2,2,2,4,3,1,4,1,1
4972,2,1,2,1,2,0,7,1,1,3,1,1
4977,2,1,2,2,2,0,7,1,2,4,1,1
4982,2,1,1,2,2,2,4,1,2,4,1,3
4983,2,1,2,1,2,1,6,1,3,3,1,1
4984,1,2,2,2,2,0,7,1,3,4,1,2
4992,2,1,2,2,2,1,3,2,1,4,1,5
5002,2,1,2,2,2,2,4,2,1,4,1,1
5012,2,1,2,2,2,0,7,1,2,1,1,1
5014,2,1,2,2,2,1,3,2,4,3,1,3
5022,2,1,2,2,2,0,6,2,1,4,1,1
5023,2,2,1,2,2,0,8,2,1,4,1,1
5027,1,1,2,2,2,1,3,2,4,2,1,3
5029,2,1,2,2,2,3,4,3,1,4,1,1
5031,1,1,2,2,2,1,7,2,2,2,1,5
5035,2,1,1,2,2,2,7,1,1,4,1,3
5038,2,1,2,2,2,1,3,2,1,4,1,1
5039,2,1,2,2,2,1,3,2,4,4,1,1
5042,2,1,2,2,2,0,7,1,2,3,1,1
5046,2,2,2,2,2,0,7,2,1,2,1,3
5051,1,1,2,2,2,0,7,1,2,1,1,1
5054,1,1,2,2,2,0,3,1,2,4,1,1
5060,1,1,2,2,2,0,3,1,2,4,1,3
5061,2,1,2,1,1,0,7,1,2,1,1,1
5071,1,1,1,2,2,0,3,2,4,4,1,2
5078,1,1,2,2,2,1,3,2,1,4,1,3
5081,2,1,2,1,1,0,7,1,1,1,1,1
5085,2,2,2,2,2,0,3,1,3,1,1,1
5091,1,1,2,2,2,2,4,2,1,4,1,4
5093,2,1,1,2,2,0,6,1,2,3,1,2
5100,2,1,2,2,2,3,4,1,2,1,1,1
5102,2,1,2,2,2,3,3,3,1,1,1,5
5106,2,1,2,2,2,0,7,1,2,1,1,1
5109,2,2,2,2,2,0,7,1,1,1,1,3
5125,2,2,2,2,2,0,6,2,1,3,1,1
5126,2,1,2,2,2,2,4,3,1,4,1,1
5127,2,1,1,1,2,0,7,1,3,1,1,1
5130,1,1,2,2,2,0,7,1,2,4,1,4
5132,2,2,2,2,2,0,6,2,1,4,1,5
5134,2,1,2,2,2,0,6,1,2,1,1,3
5139,2,1,2,2,2,0,1,2,1,4,1,5
5143,1,1,2,1,2,0,7,1,2,1,1,1
5147,2,1,2,2,2,0,3,2,4,4,1,5
5152,2,2,2,2,2,0,7,1,2,1,1,1
5153,1,1,2,2,2,0,3,2,4,2,1,1
5155,2,2,2,2,2,3,7,1,2,1,1,1
5158,2,1,2,2,2,0,7,2,1,2,1,1
5170,1,1,2,2,2,2,7,1,3,4,1,1
5172,2,1,2,2,2,1,4,1,2,1,1,1
5173,2,2,2,2,2,3,7,1,1,4,1,2
5174,2,2,2,2,2,1,7,1,2,3,1,4
5176,1,1,2,2,2,0,6,1,2,1,1,1
5180,1,1,2,2,2,2,7,1,2,2,1,1
5181,2,1,2,2,2,0,7,1,2,2,1,1
5185,2,1,2,2,2,0,7,1,1,1,1,1
5187,2,1,2,2,2,0,7,3,4,4,1,1
5190,1,1,2,2,2,2,7,1,2,3,1,1
5192,2,1,2,1,2,0,6,2,4,3,1,1
5193,1,1,2,2,2,2,4,2,4,3,1,3
5199,2,1,2,2,2,0,6,2,4,4,1,1
5200,2,1,2,2,2,0,6,1,2,1,1,3
5209,1,1,2,2,2,3,7,1,1,3,1,1
5213,1,1,2,2,2,1,4,2,1,4,1,1
5214,2,1,2,2,2,0,7,1,2,1,1,3
5215,2,1,2,2,2,0,3,2,1,4,1,1
5216,1,1,2,1,2,0,7,1,2,1,1,4
5223,1,1,2,1,2,1,5,1,3,2,1,2
5239,1,1,2,2,2,0,3,1,2,4,1,4
5247,1,1,2,1,2,2,1,1,2,4,1,1
5252,1,1,2,2,2,2,4,1,2,4,1,1
5258,1,1,2,2,1,3,1,1,2,4,1,1
5261,2,1,2,2,2,0,3,2,1,3,1,1
5262,1,1,2,2,2,0,3,1,2,3,1,3
5272,2,1,2,2,2,1,8,2,4,4,1,1
5279,2,1,2,2,2,3,3,1,2,1,1,2
5286,1,1,2,1,2,0,3,1,2,2,1,3
5290,2,1,2,2,2,0,3,1,2,2,1,1
5293,1,1,2,1,1,0,7,1,2,4,1,1
5295,1,1,2,2,2,2,4,1,3,4,1,2
5297,1,1,2,2,2,0,3,1,2,3,1,3
5298,2,1,2,2,2,2,4,1,2,2,1,3
5302,2,1,2,2,2,0,3,2,1,3,1,1
5306,1,1,2,2,2,2,4,1,2,4,1,3
5319,1,1,2,2,2,0,6,2,4,4,1,1
5320,1,1,2,2,2,0,7,1,2,1,1,1
5323,1,1,2,2,2,3,3,1,2,3,1,3
5334,2,1,1,2,2,0,3,2,3,3,1,1
5337,2,1,2,2,2,1,7,1,2,1,1,1
5340,2,1,2,2,2,2,4,2,1,4,1,1
5343,2,2,2,2,2,0,7,1,1,1,1,3
5344,2,1,2,2,2,0,3,1,3,4,1,3
5347,2,2,2,2,2,0,7,2,4,4,1,1
5349,1,1,2,2,2,1,3,2,1,3,1,4
5355,2,1,2,2,2,2,4,3,1,4,1,1
5362,1,1,2,2,2,2,4,3,1,3,1,1
5369,1,1,2,2,2,2,4,1,2,4,1,2
5372,1,1,2,2,1,2,7,1,2,4,1,3
5374,2,1,2,2,2,2,7,1,2,4,1,1
5375,1,1,2,2,2,0,3,1,1,3,1,2
5377,2,2,2,2,2,0,7,1,2,1,1,1
5383,2,1,2,2,2,1,4,1,2,1,1,1
5388,1,1,2,2,2,2,4,2,4,2,1,3
5394,2,1,2,2,2,1,7,1,2,1,1,1
5398,1,1,2,1,1,2,4,1,2,1,1,1
5420,2,1,2,2,2,1,3,1,3,1,1,4
5428,2,1,2,2,2,0,6,2,4,4,1,1
5432,2,1,2,2,2,0,7,1,2,1,1,1
5439,1,1,2,2,2,2,4,3,1,4,1,1
5442,2,2,2,2,2,0,7,3,4,3,1,1
5444,2,1,2,2,2,2,4,3,1,4,1,1
5447,2,2,2,2,2,1,3,1,2,1,1,1
5451,2,1,1,2,2,0,6,3,2,1,1,5
5453,2,1,2,2,2,1,3,1,2,1,1,3
5458,2,1,2,2,2,2,4,2,4,4,1,1
5464,1,1,2,2,2,3,2,2,1,4,1,4
5469,2,1,2,2,2,0,7,1,2,1,1,1
5472,1,1,2,2,2,0,6,2,1,4,1,1
5480,2,2,2,2,2,0,7,2,4,4,1,1
5482,2,1,2,2,2,0,7,1,2,1,1,1
5494,2,1,2,2,2,0,7,1,1,2,1,2
5496,2,2,2,2,2,0,7,2,3,3,1,1
5498,2,1,2,2,2,3,3,1,1,2,1,4
5501,1,1,2,2,2,0,7,1,2,1,1,1
5508,2,1,2,2,2,3,7,2,1,4,1,1
5509,2,1,1,2,2,0,3,2,3,2,1,1
5511,1,1,2,1,1,0,7,1,2,1,1,1
5518,1,1,2,1,2,0,3,2,1,4,1,5
5520,2,1,2,2,2,0,6,1,2,3,1,3
5522,2,1,2,2,2,3,4,2,4,4,1,1
5527,1,2,2,2,2,0,6,2,1,4,1,1
5532,1,1,2,2,2,3,4,3,1,4,1,1
5538,1,1,2,1,1,3,3,1,3,4,1,5
5539,1,2,2,2,2,0,3,2,1,3,1,5
5543,2,1,2,2,2,0,3,2,4,4,1,4
5544,2,1,2,2,2,1,3,2,4,4,1,1
5545,2,1,2,2,2,0,3,2,4,4,1,3
5547,2,1,2,2,2,0,3,2,4,4,1,1
5551,2,1,2,2,2,0,3,2,4,4,1,3
5552,2,2,2,2,2,0,7,3,4,4,1,1
5556,2,2,2,2,2,0,7,2,4,4,1,1
5562,2,1,2,2,2,0,3,2,1,4,1,3
5571,2,1,2,2,2,1,6,2,1,1,1,1
5573,1,1,2,2,2,0,3,1,1,3,1,2
5574,2,1,2,1,2,0,7,1,2,4,1,2
5575,2,1,2,2,2,2,4,2,1,4,1,1
5577,2,1,2,2,2,2,4,2,1,3,1,5
5587,2,1,2,2,2,1,7,1,1,2,1,5
5588,2,1,2,2,2,1,7,1,2,2,1,5
5605,2,1,1,2,2,1,4,2,4,3,1,1
5610,2,2,1,2,2,0,7,3,4,4,1,1
5615,1,1,2,2,2,3,3,1,2,4,1,3
5616,2,1,2,1,2,0,3,1,2,4,1,3
5628,2,1,2,2,2,0,3,1,2,4,1,3
5633,1,1,1,2,2,1,3,1,2,4,1,3
5643,2,1,2,2,2,1,3,2,4,4,1,4
5644,1,1,2,1,1,2,1,2,4,4,1,1
5645,1,1,1,2,2,2,4,1,2,4,1,3
5661,1,1,2,2,2,2,4,2,2,4,1,3
5662,1,1,2,2,2,1,7,1,4,4,1,3
5670,1,2,1,2,2,0,3,1,2,1,1,3
5674,2,2,2,2,2,0,7,2,4,3,1,1
5692,2,1,2,2,2,0,7,3,4,3,1,4
5698,2,2,2,2,2,0,3,2,4,3,1,1
5701,1,1,2,2,2,0,7,1,2,4,1,1
5702,2,1,2,2,2,0,7,2,4,4,1,2
5706,2,1,2,2,2,1,3,1,2,1,1,1
5712,1,1,2,2,2,0,6,2,3,2,1,1
5715,1,1,1,2,2,2,4,2,4,4,1,3
5721,1,2,2,2,2,0,6,3,1,4,1,1
5731,1,1,2,2,2,0,6,2,1,4,1,1
5737,2,1,2,2,2,1,4,3,4,3,1,1
5743,2,1,2,2,2,3,4,2,3,3,1,2
5747,2,1,1,2,2,0,7,1,3,3,1,2
5748,2,1,2,2,2,0,7,1,2,1,1,3
5751,1,1,2,1,2,2,2,2,4,4,1,1
5754,1,1,1,1,1,3,3,2,1,4,1,1
5764,2,1,2,2,2,1,4,1,2,1,1,1
5767,1,1,2,2,2,1,7,1,2,2,1,1
5774,1,1,2,2,2,0,6,1,2,1,1,1
5790,2,1,2,2,2,1,7,2,4,3,1,1
5792,1,1,2,2,2,1,6,2,1,2,1,1
5793,1,1,2,1,1,3,2,2,4,4,1,5
5802,2,1,2,2,2,0,7,1,2,4,1,3
5808,2,2,1,2,2,0,3,1,2,1,1,1
5811,2,1,2,2,2,0,6,2,3,1,1,1
5812,1,1,2,2,2,1,3,2,4,3,1,2
5825,2,1,2,2,2,0,6,1,2,1,1,5
5828,2,1,2,1,2,1,3,1,2,4,1,4
5829,2,1,2,2,2,0,7,1,2,1,1,1
5830,2,1,1,2,2,0,3,2,1,3,1,4
5832,2,2,2,2,2,0,6,1,1,1,1,1
5833,2,1,2,2,2,2,4,1,2,4,1,3
5834,2,2,2,2,2,0,7,1,2,1,1,1
5837,2,1,2,2,1,1,7,1,2,4,1,1
5839,2,1,2,2,2,0,3,2,4,4,1,1
5842,2,2,2,2,2,0,7,1,2,1,1,1
5847,2,1,1,2,2,0,7,1,2,3,1,1
5849,2,1,2,2,1,1,3,1,2,4,1,4
5854,1,2,2,2,2,0,7,1,2,4,1,3
5857,2,2,1,2,2,0,7,1,2,1,1,3
5866,2,1,2,2,2,0,7,1,2,3,1,1
5868,2,1,2,2,2,0,7,1,2,1,1,1
5872,2,1,2,2,2,0,3,2,1,4,1,4
5876,2,1,2,2,2,2,6,1,2,4,1,4
5879,2,1,2,2,2,2,4,2,4,3,1,1
5881,1,1,2,2,2,2,6,1,2,1,1,4
5888,2,1,2,2,2,0,7,2,2,1,1,1
5891,2,1,2,2,2,2,7,1,3,1,1,3
5896,1,1,2,2,2,3,4,1,2,3,1,1
5898,2,1,2,2,2,1,7,1,1,1,1,1
5904,2,1,2,2,2,0,3,2,4,2,1,5
5905,1,1,1,1,2,1,3,2,4,4,1,5
5916,1,1,1,2,2,0,7,1,2,1,1,1
5918,2,1,2,2,2,0,3,2,4,4,1,3
5923,2,1,2,2,2,2,7,1,2,3,1,1
5926,2,2,2,2,2,0,6,2,4,3,1,1
5929,1,1,2,2,2,2,4,1,2,3,1,2
5933,2,2,2,2,2,0,7,1,1,4,1,1
5936,1,1,2,2,2,1,3,1,2,4,1,1
5938,2,1,2,2,2,1,7,1,2,2,1,2
5939,1,1,2,2,2,1,7,1,2,1,1,1
5941,2,1,2,2,2,0,7,2,2,3,1,1
5942,2,1,2,2,1,0,6,1,2,4,1,4
5947,1,1,2,1,1,0,1,2,4,3,1,1
5960,2,1,2,2,2,1,7,2,4,3,1,1
5963,2,1,2,2,2,0,3,1,2,4,1,4
5967,2,1,2,2,2,2,3,2,4,4,1,1
5971,2,1,2,2,2,0,3,1,2,4,1,4
5975,2,1,2,2,2,1,7,1,2,4,1,2
5977,2,1,2,2,2,0,7,1,2,3,1,1
5979,2,1,2,2,2,1,3,2,4,2,1,1
5986,2,1,2,2,2,0,7,2,2,3,1,1
5989,2,1,2,2,2,0,3,2,4,4,1,4
5996,2,1,2,2,2,0,3,2,4,3,1,1
5997,2,2,2,2,2,0,3,2,1,4,1,1
5998,2,1,2,2,2,1,7,1,2,2,1,1
6006,2,1,1,2,2,0,7,2,4,2,1,1
6015,2,1,1,2,2,3,7,3,4,4,1,5
6016,2,1,2,2,2,0,7,1,2,1,1,1
6018,1,1,2,2,2,0,3,2,1,2,1,1
6020,2,1,2,2,2,0,3,2,1,4,1,3
6022,2,1,1,2,2,1,7,1,2,1,1,1
6023,2,1,2,2,2,0,3,2,4,4,1,4
6024,2,1,2,2,2,0,7,1,2,4,1,2
6025,2,1,2,2,2,2,7,1,2,1,1,1
6029,2,1,2,2,2,3,3,1,2,1,1,1
6035,2,1,2,2,2,2,7,2,4,4,1,1
6036,2,1,2,2,2,3,4,1,2,1,1,1
6044,1,1,2,2,1,0,1,2,4,3,1,2
6045,2,1,2,2,2,1,4,1,2,1,1,1
6052,2,1,2,2,2,2,3,1,2,2,1,4
6059,2,1,2,2,2,0,7,2,4,4,1,1
6060,2,1,2,2,2,1,4,2,1,4,1,1
6061,2,1,2,2,2,2,3,1,2,4,1,4
6063,2,1,2,2,2,1,7,1,2,1,1,3
6077,2,2,2,2,2,0,7,2,4,3,1,1
6083,2,1,2,2,2,2,3,1,2,1,1,3
6084,2,1,2,2,2,2,1,2,1,2,1,1
6093,1,1,2,2,2,2,3,1,2,1,1,3
6095,2,2,2,2,2,0,6,1,1,2,1,1
6107,2,1,2,2,2,1,6,2,2,4,1,1
6110,2,1,2,2,1,0,6,1,2,1,1,1
6116,2,1,2,2,2,2,4,2,4,2,1,3
6117,2,1,2,2,2,3,3,1,2,1,1,1
6118,2,2,2,2,2,0,3,1,2,1,1,1
6119,2,1,2,2,2,0,7,1,2,1,1,3
6125,2,1,2,2,2,0,6,2,4,4,1,5
6126,2,1,2,2,2,0,3,1,2,1,1,1
6128,2,1,1,2,2,1,4,1,2,1,1,1
6132,2,2,1,2,2,0,3,1,2,1,1,3
6140,2,1,2,2,2,0,3,1,2,1,1,3
6142,2,1,2,2,2,3,4,2,4,4,1,1
6147,2,1,2,2,2,0,6,2,4,4,1,1
6168,2,1,2,2,1,0,1,2,4,4,1,1
6176,2,1,2,2,2,2,4,2,3,4,1,1
6182,2,1,2,2,2,2,4,2,4,4,1,2
6185,2,2,2,2,2,0,7,1,1,1,1,1
6187,2,1,2,2,2,1,3,3,1,4,1,1
6192,2,1,2,2,2,2,4,1,2,1,1,1
6194,2,1,2,2,2,0,3,2,4,4,1,1
6195,2,1,2,2,2,0,7,1,2,1,1,1
6196,2,1,2,2,2,0,3,1,2,1,1,1
6206,2,1,2,2,2,0,3,2,4,4,1,1
6207,2,1,2,2,2,1,7,1,2,1,1,1
6218,2,1,1,2,2,2,3,2,4,4,1,1
6227,2,2,2,2,2,0,7,1,2,1,1,1
6228,2,1,2,2,2,3,7,2,4,3,1,1
6230,2,2,1,2,2,0,7,1,3,4,1,1
6235,2,1,1,2,2,2,4,1,2,1,1,1
6236,2,1,2,2,2,1,7,1,2,1,1,1
6243,2,1,2,2,2,1,3,3,4,3,1,1
6244,1,1,2,2,1,2,7,1,2,4,1,1
6246,2,1,2,2,2,1,3,2,1,4,1,1
6249,1,1,2,2,2,1,7,1,2,4,1,4
6254,1,1,2,2,2,2,2,1,2,1,1,3
6257,1,1,1,2,2,5,4,1,2,1,1,1
6274,2,2,2,2,2,0,6,1,2,1,1,1
6278,2,1,2,2,2,5,4,1,2,1,1,1
6283,1,1,2,2,2,1,3,1,1,4,1,4
6287,2,1,2,2,2,0,3,1,2,1,1,1
6302,1,1,2,2,2,0,7,1,2,4,1,3
6304,2,1,2,2,2,0,7,1,2,4,1,3
6311,2,1,2,2,2,1,7,1,2,4,1,3
6317,2,2,2,2,2,0,3,2,4,4,1,2
6330,2,1,2,2,2,1,3,2,1,2,1,1
6335,2,1,2,2,2,0,6,1,1,1,1,1
6336,1,1,2,2,2,1,7,2,4,4,1,3
6342,2,2,2,2,2,0,7,2,1,4,1,1
6343,1,1,2,2,2,0,3,3,1,4,1,1
6349,2,1,2,1,1,3,7,1,2,1,1,1
6352,2,1,2,2,2,2,4,2,4,2,1,1
6353,2,2,2,2,2,3,7,2,4,3,1,1
6354,1,1,2,2,2,0,6,2,4,4,1,1
6356,1,1,2,2,2,1,4,1,1,2,1,4
6359,2,1,1,2,2,2,3,1,2,1,1,1
6361,2,2,2,2,1,0,3,1,3,4,1,3
6363,2,1,2,2,2,2,7,2,4,4,1,3
6389,1,1,2,2,2,1,7,1,2,1,1,2
6393,2,2,2,2,2,0,7,1,2,4,1,1
6396,2,2,2,2,2,0,6,1,2,4,1,1
6399,2,2,2,2,2,0,7,1,1,2,1,1
6404,2,1,2,2,2,0,8,1,2,1,1,1
6406,2,2,2,2,2,0,6,1,1,3,1,1
6408,2,1,2,2,2,0,6,2,4,4,1,3
6410,2,1,2,2,2,1,7,1,2,4,1,1
6423,1,1,2,2,2,2,4,1,1,4,1,1
6428,1,1,2,2,2,2,3,1,1,3,1,3
6432,2,1,2,2,2,0,7,2,2,3,1,1
6453,1,1,2,2,2,0,3,1,2,1,1,2
6454,1,1,2,2,2,1,6,1,1,1,1,1
6460,1,1,2,2,2,2,3,1,2,1,1,1
6471,2,1,2,2,2,1,6,1,2,1,1,1
6476,2,1,2,2,2,1,6,2,4,3,1,1
6478,2,2,2,2,2,0,7,1,2,1,1,1
6483,2,1,2,2,2,0,7,1,2,4,1,1
6491,1,2,2,2,2,0,3,3,1,1,1,1
6494,1,1,2,2,2,1,3,1,1,1,1,1
6501,2,1,2,2,2,0,7,1,2,1,1,1
6514,2,1,2,2,2,2,4,1,2,1,1,1
6520,1,1,2,2,1,0,3,2,4,3,1,1
6524,2,2,2,2,2,0,7,1,2,1,1,1
6535,2,1,2,2,2,3,4,2,4,4,1,1
6543,2,1,2,2,2,2,4,1,2,1,1,1
6547,2,1,2,2,2,1,7,1,2,1,1,1
6553,1,1,2,2,2,3,4,2,1,4,1,3
6559,2,1,2,2,1,2,6,1,2,4,1,1
6560,2,1,2,2,2,0,6,1,1,1,1,2
6564,2,1,1,2,2,2,7,1,2,1,1,1
6566,2,1,1,2,2,2,7,3,4,4,1,1
6576,1,1,2,2,2,0,3,1,2,1,1,1
6582,2,1,2,2,2,0,7,1,2,4,1,5
6584,2,1,2,2,2,1,7,1,2,1,1,1
6588,1,2,2,2,2,0,6,2,1,2,1,1
6592,2,2,2,2,2,0,3,3,1,1,1,1
6597,2,1,2,2,2,0,7,2,4,4,1,5
6602,2,1,2,2,2,1,4,1,2,1,1,1
6603,2,1,1,2,2,0,6,1,1,1,1,1
6606,2,1,2,2,2,2,6,2,1,4,1,1
6608,1,1,2,2,2,2,6,2,1,3,1,1
6611,2,1,2,2,2,0,3,2,4,2,1,4
6619,2,1,2,2,2,1,4,2,4,2,1,2
6620,2,1,2,2,2,0,3,2,4,4,1,5
6631,2,1,2,2,2,2,6,2,1,3,1,1
6634,2,1,2,2,2,3,3,2,4,2,1,3
6636,1,2,2,2,2,2,6,2,1,4,1,1
6641,2,2,2,2,2,0,7,1,2,1,1,4
6644,2,1,2,2,2,2,7,2,4,4,1,3
6646,2,1,2,2,2,0,6,2,4,2,1,3
6650,2,1,2,2,2,0,6,2,1,4,1,1
6659,1,2,2,2,2,0,6,1,1,1,1,1
6661,2,1,2,2,2,2,4,1,2,1,1,1
6670,2,1,2,2,2,0,6,2,1,1,1,1
6671,2,1,2,2,2,3,7,1,2,2,1,4
6678,2,1,2,2,2,2,7,1,2,1,1,1
6684,2,1,2,2,2,1,6,2,1,4,1,1
6695,2,2,1,2,2,0,7,1,1,4,1,1
6703,2,1,2,2,2,2,4,1,2,1,1,1
6705,2,1,2,2,2,1,7,2,1,4,1,1
6713,2,1,2,2,2,2,7,1,2,1,1,4
6719,2,2,2,2,2,1,6,2,1,1,1,3
6722,2,1,2,2,2,0,6,2,2,1,1,5
6724,1,1,2,2,1,1,3,1,2,4,1,4
6729,2,1,2,2,2,2,3,2,2,1,1,1
6732,2,1,2,2,2,0,7,1,2,1,1,1
6733,2,1,2,2,2,2,6,2,2,1,1,5
6737,2,1,2,2,2,0,6,1,1,1,1,1
6741,1,1,2,2,2,3,7,1,2,1,1,3
6743,2,1,2,2,2,0,6,1,1,1,1,1
6744,2,1,2,2,2,2,7,1,2,1,1,3
6748,2,1,2,2,2,2,7,1,2,1,1,3
6756,2,1,2,2,2,0,3,1,1,1,1,1
6759,1,2,2,2,2,0,3,2,1,2,1,1
6767,2,1,2,2,2,1,7,1,2,4,1,1
6775,2,1,2,2,2,0,3,2,4,4,1,5
6776,2,1,2,2,2,2,3,1,1,1,1,1
6779,1,2,2,2,2,0,3,1,2,1,1,1
6785,2,1,2,2,1,2,3,1,2,1,1,1
6786,2,1,2,2,2,0,7,2,4,2,1,2
6790,2,1,2,2,2,0,7,1,2,1,1,1
6791,1,2,2,2,2,0,6,1,1,4,1,5
6792,2,1,2,2,2,0,3,3,1,2,1,1
6793,2,1,2,2,2,1,7,1,2,1,1,1
6797,2,1,2,2,2,0,7,2,4,4,1,1
6800,2,1,1,2,2,2,2,1,3,2,1,1
6801,1,1,2,2,2,0,7,1,2,1,1,1
6802,1,1,2,2,2,0,7,1,2,4,1,1
6803,2,1,2,2,2,0,3,2,4,4,1,2
6804,2,2,2,2,2,0,7,1,2,1,1,1
6805,2,2,2,2,2,0,7,2,1,4,1,1
6807,2,1,2,2,2,0,6,1,2,1,1,1
6812,1,2,2,1,2,0,7,1,2,1,1,1
6814,2,1,2,2,2,0,7,1,2,4,1,3
6816,1,1,2,1,2,0,7,1,2,1,1,1
6822,2,1,2,2,2,0,3,2,4,2,1,1
6824,2,1,2,2,2,2,4,2,4,4,1,4
6829,1,1,2,2,2,2,3,1,1,4,1,1
6830,2,1,2,2,2,0,2,3,1,1,1,1
6835,1,1,2,2,2,0,6,3,1,1,1,1
6840,1,1,2,2,2,0,7,1,2,1,1,1
6845,1,1,2,2,2,0,2,1,1,4,1,1
6846,2,1,2,2,2,0,3,2,4,2,1,2
6853,1,2,2,2,2,0,6,1,2,1,1,1
6856,2,1,2,1,1,0,7,1,2,1,1,1
6862,1,2,2,1,1,0,7,1,2,1,1,1
6866,2,1,2,2,2,0,7,1,2,1,1,5
6869,1,1,2,2,2,2,2,1,3,3,1,1
6871,2,1,2,1,2,0,3,1,2,2,1,5
6874,1,1,2,2,2,0,3,1,1,2,1,1
6877,2,1,2,2,2,3,6,2,3,3,1,1
6878,2,1,1,2,2,0,3,1,2,3,1,3
6880,2,1,2,2,2,0,7,1,2,1,1,1
6884,2,2,2,2,2,0,3,2,1,3,1,1
6908,1,1,2,2,2,0,6,1,2,1,1,1
6909,2,1,2,2,2,0,7,1,2,1,1,1
6912,2,1,2,2,2,0,3,2,2,1,1,1
6915,2,1,2,2,2,3,4,2,4,2,1,1
6916,1,1,2,2,2,2,4,2,1,1,1,1
6917,2,1,2,2,2,0,3,2,2,1,1,1
6926,2,1,2,2,2,0,3,1,2,1,1,1
6930,2,1,2,2,2,0,7,1,2,1,1,1
6932,2,2,2,2,2,0,7,1,2,1,1,1
6934,2,1,2,2,2,0,6,2,3,1,1,1
6935,1,2,2,2,2,0,7,1,2,1,1,1
6936,2,1,2,2,2,0,7,1,1,1,1,3
6944,2,1,2,2,2,0,6,2,1,1,1,1
6947,2,1,2,2,2,2,4,2,4,4,1,1
6952,1,2,2,2,2,0,6,1,2,4,1,2
6955,2,2,2,2,2,0,7,1,2,1,1,2
6960,2,2,2,2,2,0,7,1,2,1,1,3
6973,2,1,2,2,2,1,7,1,2,1,1,3
6975,2,1,2,2,2,1,7,1,2,4,1,1
6976,1,1,2,2,2,0,7,1,2,1,1,1
6991,1,2,2,1,1,0,7,1,2,1,1,1
6996,2,1,2,2,2,0,7,1,2,1,1,1
6999,2,1,2,2,2,0,7,1,2,1,1,1
7008,1,1,2,2,2,0,7,1,2,1,1,1
7009,2,1,2,2,2,0,7,2,1,2,1,1
7011,2,1,1,2,1,2,4,2,4,4,1,1
7015,1,1,2,2,2,0,7,1,2,1,1,1
7018,2,1,2,2,2,2,7,1,2,1,1,1
7021,1,1,2,2,2,2,6,1,3,3,1,2
7024,2,1,2,2,2,0,7,1,2,1,1,1
7030,2,1,2,2,2,0,7,1,2,1,1,1
7036,2,1,2,2,2,0,7,1,2,1,1,1
7041,2,1,2,2,2,0,7,1,2,1,1,1
7046,2,1,2,2,2,0,7,1,2,1,1,1
7052,2,1,2,2,2,0,7,1,2,1,1,1
7056,2,1,1,2,2,2,4,1,2,1,1,5
7058,1,1,2,2,2,0,7,1,2,1,1,1
7061,1,1,2,2,2,2,4,2,1,4,1,1
7065,2,1,2,2,2,3,7,1,2,1,1,1
7068,1,1,2,2,1,0,3,1,2,4,1,1
7070,1,1,2,2,2,0,3,1,2,1,1,5
7072,2,2,2,2,2,0,7,1,1,4,1,1
7073,2,1,2,2,2,0,3,2,1,1,1,2
7074,2,1,2,2,2,3,7,1,2,1,1,1
7075,2,1,2,2,2,0,7,1,2,2,1,1
7079,1,2,2,2,2,0,7,1,2,4,1,4
7081,2,1,2,2,2,0,3,2,1,2,1,2
7083,2,1,2,2,2,2,7,2,2,4,1,1
7088,2,1,2,2,2,0,3,3,4,4,1,1
7089,2,1,2,2,2,1,7,1,2,4,1,1
7095,1,1,2,2,2,0,6,1,1,1,1,1
7096,2,1,2,2,2,3,7,1,2,1,1,1
7097,2,1,2,2,2,2,4,2,4,4,1,1
7102,2,1,2,2,2,1,7,1,2,1,1,1
7103,2,1,2,2,2,0,3,2,4,4,1,1
7106,2,1,2,2,2,6,4,2,4,4,1,2
7107,2,2,1,2,2,0,7,2,4,1,1,1
7113,2,2,1,2,2,0,7,1,2,1,1,1
7115,2,2,2,2,2,0,3,2,4,4,1,5
7120,2,1,2,2,2,3,4,2,4,4,1,1
7124,2,2,2,2,2,0,7,1,2,1,1,1
7133,2,1,2,2,2,2,7,1,2,1,1,1
7139,2,1,2,2,2,0,3,2,4,4,1,1
7141,2,2,2,2,2,0,7,2,4,2,1,1
7144,2,1,2,2,2,0,7,1,2,1,1,1
7149,2,1,2,2,2,1,7,1,2,1,1,1
7151,2,1,2,2,2,2,4,2,4,3,1,1
7157,2,1,2,2,2,3,7,1,2,1,1,1
7161,1,1,2,2,2,1,7,1,2,1,1,3
7164,2,1,2,2,2,1,6,2,1,4,1,3
7168,1,1,2,2,2,2,4,1,1,1,1,3
7170,2,1,2,2,2,2,7,1,2,1,1,1
7171,2,1,2,2,2,0,6,1,1,1,1,3
7172,2,1,2,2,2,2,3,2,1,3,1,2
7179,1,1,2,1,1,0,7,1,2,1,1,1
7189,2,1,2,2,2,5,3,2,4,4,1,5
7191,1,1,2,1,1,0,7,1,2,1,1,1
7206,2,1,2,2,2,0,3,2,1,1,1,1
7208,2,2,2,2,2,0,7,1,2,4,1,1
7211,2,1,2,2,2,2,7,1,1,4,1,1
7213,1,1,2,2,2,1,6,2,1,1,1,1
7218,2,1,2,2,2,0,7,1,2,1,1,1
7221,1,1,2,2,2,1,2,2,4,3,1,1
7229,1,1,2,2,2,3,3,2,1,1,1,1
7236,2,1,2,2,2,3,3,1,2,1,1,1
7242,1,1,2,2,2,2,4,1,2,2,1,1
7244,1,1,2,2,2,1,3,2,1,1,1,1
7247,1,1,2,2,2,2,4,2,1,4,1,3
7249,2,1,2,2,2,1,3,2,1,3,1,1
7250,2,1,1,2,2,0,6,1,2,2,1,2
7254,2,1,2,2,2,2,4,1,2,1,1,2
7255,2,1,2,2,2,1,3,1,2,3,1,1
7261,1,1,2,2,2,0,3,3,4,4,1,1
7264,2,1,2,2,2,2,4,2,1,3,1,1
7265,2,1,2,2,2,0,7,1,2,4,1,3
7271,2,1,2,2,2,2,4,2,1,4,1,1
7275,2,1,2,2,2,0,3,2,1,3,1,3
7277,2,1,2,2,2,2,4,1,2,2,1,1
7278,1,1,2,2,2,3,3,2,1,3,1,1
7279,1,1,2,1,1,0,7,1,2,1,1,1
7282,1,1,2,2,2,2,3,2,1,4,1,1
7284,2,2,2,2,2,0,7,1,2,1,1,1
7287,1,1,2,1,1,0,7,1,2,1,1,1
7288,1,1,2,2,2,0,7,2,4,4,1,3
7290,1,1,2,2,2,2,4,1,2,4,1,1
7300,2,2,2,2,2,0,7,1,2,1,1,1
7302,2,2,2,2,2,0,7,1,2,1,1,1
7304,2,2,2,2,2,0,6,1,4,1,1,1
7306,2,2,2,2,2,0,6,1,2,1,1,1
7315,1,2,2,1,1,0,7,1,2,1,1,1
7317,1,2,2,2,2,0,7,1,2,1,1,1
7318,2,1,2,2,2,3,7,1,2,1,1,1
7320,1,2,2,2,2,0,7,1,2,1,1,1
7322,2,1,2,2,2,0,7,1,2,1,1,2
7323,1,2,2,2,2,0,7,1,2,1,1,1
7326,1,2,2,2,2,0,7,1,2,1,1,1
7328,1,2,2,2,2,0,7,1,2,1,1,1
7330,1,2,2,2,2,0,7,1,2,1,1,1
7331,2,2,2,2,2,0,1,2,1,1,1,1
7335,1,2,2,2,2,0,7,1,2,1,1,1
7339,1,2,1,2,2,0,7,1,2,1,1,1
7345,1,2,2,2,2,0,7,1,2,1,1,1
7346,2,1,2,2,2,2,1,2,1,1,1,1
7351,1,2,2,2,2,0,7,1,2,1,1,1
7354,1,2,2,2,2,0,7,1,2,1,1,1
7362,1,2,2,2,2,0,7,1,2,1,1,1
7363,1,2,2,2,2,0,3,2,1,4,1,1
7365,1,1,2,2,2,0,3,1,2,4,1,5
7367,2,1,2,2,2,1,7,3,4,4,1,2
7371,1,2,1,2,2,0,3,1,2,4,1,1
7372,1,1,2,1,2,0,3,2,4,4,1,4
7375,2,1,2,2,2,0,3,2,1,4,1,1
7376,2,2,2,2,2,0,7,1,2,1,1,1
7382,2,1,2,2,2,0,3,2,4,2,1,5
7386,1,1,2,2,2,0,7,1,2,4,1,4
7393,2,1,2,2,2,1,3,2,4,2,1,1
7394,2,1,2,2,2,2,4,3,1,1,1,3
7413,2,2,2,2,2,0,7,1,2,2,1,1
7416,1,2,2,2,2,0,7,2,2,1,1,1
7429,1,1,2,2,2,0,3,2,1,4,1,1
7431,1,1,2,2,2,3,7,1,2,4,1,4
7433,2,1,2,2,2,0,3,2,1,4,1,1
7435,2,2,2,2,2,0,7,1,2,1,1,1
7447,1,2,2,2,2,0,7,1,2,1,1,1
7450,1,2,1,2,2,0,6,2,1,4,1,1
7458,1,2,2,2,2,0,3,2,1,2,1,1
7466,1,1,2,2,2,2,1,1,2,1,1,1
7469,1,1,2,2,2,1,3,3,1,4,1,1
7473,1,2,2,2,2,0,7,1,2,1,1,1
7476,2,1,2,2,2,0,6,1,2,1,1,1
7480,1,2,2,2,2,0,7,1,2,1,1,4
7484,1,2,2,2,2,0,7,1,3,4,1,2
7489,2,1,2,2,2,3,3,2,1,1,1,1
7497,2,1,1,2,1,3,1,2,4,4,1,1
7499,2,1,2,2,2,1,7,1,3,2,1,5
7502,2,1,2,2,2,0,3,1,2,1,1,1
7510,1,1,2,2,2,0,6,1,2,4,1,1
7522,2,2,2,2,2,0,3,1,2,4,1,1
7531,2,1,2,2,2,2,1,2,1,1,1,1
7536,1,1,2,2,2,2,4,1,2,4,1,1
7537,2,2,2,2,2,0,6,1,2,1,1,1
7538,2,1,2,2,2,3,6,3,1,1,1,1
7542,2,1,2,2,2,0,3,1,2,4,1,1
7547,2,2,2,2,2,0,1,3,1,2,1,1
7559,2,1,1,2,2,2,1,2,1,1,1,1
7562,2,1,2,2,2,0,3,2,1,1,1,1
7564,2,1,2,2,2,2,4,2,4,1,1,1
7567,2,2,2,2,2,0,3,1,2,1,1,1
7572,1,1,2,2,2,2,7,1,2,4,1,2
7574,2,1,2,2,2,0,3,1,2,1,1,3
7579,2,1,2,2,2,2,4,1,2,1,1,1
7581,2,1,2,2,2,2,3,2,4,4,1,3
7583,1,1,2,2,2,0,3,2,4,3,1,2
7589,2,1,2,2,2,0,3,1,2,1,1,1
7592,2,1,2,2,2,0,3,1,2,1,1,1
7593,1,1,2,2,2,1,7,1,2,2,1,5
7594,2,1,2,2,2,2,4,1,1,4,1,1
7596,1,1,2,2,2,0,3,1,2,1,1,1
7599,1,1,2,2,2,0,7,1,2,4,1,1
7600,2,1,2,2,2,0,6,1,2,1,1,2
7603,2,2,2,2,2,0,3,1,2,1,1,1
7604,2,1,2,2,2,0,3,2,4,4,1,1
7605,2,1,2,2,2,0,7,1,2,2,1,4
7609,2,1,2,2,2,2,4,1,2,1,1,1
7613,2,2,2,2,2,0,3,1,2,1,1,2
7616,2,1,1,2,2,0,3,1,2,1,1,2
7617,1,1,1,2,2,3,6,2,4,4,1,4
7618,2,1,2,2,2,2,4,1,2,1,1,2
7620,1,1,2,2,2,0,3,1,2,1,1,1
7622,2,1,2,2,2,3,7,1,2,4,1,5
7623,2,1,2,2,2,0,6,1,2,4,1,2
7624,1,1,2,2,2,2,3,2,4,4,1,2
7628,2,1,2,2,2,0,3,1,2,1,1,1
7633,2,1,2,2,2,2,4,1,1,3,1,1
7672,1,1,2,2,2,0,1,2,1,4,1,1
7674,2,1,2,2,2,0,3,2,1,4,1,1
7677,2,2,2,2,2,0,3,2,4,4,1,3
7689,2,2,2,2,2,0,7,2,1,4,1,1
7708,1,1,2,2,2,0,3,2,4,3,1,3
7717,1,2,2,2,2,0,3,1,2,4,1,2
7721,2,1,2,2,2,1,7,1,2,1,1,4
7722,2,2,1,2,2,0,6,2,1,4,1,1
7725,2,1,2,2,2,2,3,3,4,4,1,3
7727,2,1,2,2,2,1,3,2,4,2,1,1
7731,2,1,2,2,2,0,3,1,2,1,1,1
7732,2,1,2,2,2,1,7,1,2,2,1,3
7737,2,1,2,2,2,3,4,2,1,3,1,2
7746,2,1,2,2,2,2,4,2,4,2,1,1
7747,2,1,2,2,2,0,6,1,2,1,1,1
7758,2,1,2,2,2,0,7,1,2,1,1,5
7759,1,2,2,2,2,0,3,1,2,4,1,1
7764,2,2,2,2,2,0,6,1,3,1,1,2
7770,2,2,2,2,2,0,7,1,2,1,1,1
7782,2,1,2,2,2,2,3,1,2,1,1,2
7787,1,1,2,2,2,2,4,3,1,3,1,1
7791,1,1,2,2,2,2,4,1,1,4,1,1
7793,2,1,2,2,2,0,7,1,2,1,1,5
7794,2,2,2,2,2,0,3,1,2,1,1,3
7815,2,2,2,2,2,0,6,1,1,1,1,3
7825,2,1,2,2,2,0,3,1,2,1,1,2
7843,2,1,2,2,2,1,4,1,2,1,1,1
7848,2,1,2,2,2,0,7,1,2,4,1,4
7856,1,1,2,1,2,2,4,1,2,1,1,2
7859,2,1,2,2,2,2,4,1,2,1,1,1
7902,2,1,2,2,2,2,4,1,2,1,1,1
7904,1,1,2,1,2,0,3,2,4,4,1,1
7910,2,1,2,2,2,1,3,2,4,3,1,1
7917,2,1,2,2,2,1,7,1,2,3,1,4
7920,1,1,2,2,2,2,7,1,2,3,1,1
7927,1,1,1,2,2,0,3,2,1,4,1,2
7928,2,1,2,2,2,0,6,3,1,3,1,1
7932,2,2,2,2,2,0,3,2,1,3,1,3
7939,1,1,1,1,2,3,3,2,4,2,1,5
7940,2,1,2,2,2,1,3,2,1,4,1,3
7941,2,2,2,2,2,0,3,1,2,1,1,2
7947,2,1,2,2,2,0,3,1,2,1,1,2
7956,1,1,2,2,2,2,7,1,2,4,1,1
7983,2,1,2,2,2,2,7,2,1,4,1,3
7984,2,1,2,2,2,0,3,2,4,4,1,3
7988,2,1,2,2,2,0,6,1,3,4,1,2
7989,2,2,1,2,2,0,3,1,2,1,1,3
7995,2,2,2,2,2,0,3,1,2,1,1,3
7997,2,1,2,2,2,1,7,2,4,3,1,1
7999,2,2,2,2,2,0,3,3,4,3,1,1
8006,2,2,2,2,2,0,3,1,2,1,1,3
8009,2,2,2,2,2,0,7,1,2,1,1,3
8010,2,1,2,2,2,0,3,2,1,4,1,2
8011,2,1,2,2,2,0,7,1,2,4,1,2
8012,2,2,2,2,2,0,3,1,2,1,1,3
8019,2,1,2,2,2,0,3,1,2,2,1,2
8021,2,2,2,2,2,0,3,1,2,1,1,3
8023,1,1,2,2,2,2,7,1,2,1,1,1
8028,2,2,2,2,2,0,6,1,2,1,1,3
8030,2,1,2,2,2,3,7,2,4,3,1,1
8032,2,1,1,2,2,1,3,1,2,1,1,3
8037,1,1,2,2,2,0,7,1,2,4,1,4
8049,1,1,2,2,2,2,3,2,1,1,1,1
8057,2,1,2,2,2,0,7,1,3,4,1,2
8061,2,1,2,2,2,1,7,1,1,1,1,3
8070,2,1,2,2,2,0,7,1,3,4,1,1
8081,2,2,2,2,2,0,3,2,1,4,1,1
8087,2,1,2,2,2,0,7,1,2,4,1,2
8096,2,1,2,2,2,0,7,1,2,4,1,1
8101,2,1,2,2,2,0,3,1,2,1,1,5
8118,2,2,2,2,2,0,3,1,2,1,1,5
8142,2,1,2,2,2,2,4,1,1,4,1,3
8147,2,2,2,2,2,0,7,1,2,1,1,1
8154,2,1,2,2,2,0,6,3,1,3,1,1
8156,2,1,2,2,2,1,3,2,1,4,1,2
8162,2,1,2,2,2,1,3,2,1,4,1,1
8163,1,2,2,2,2,0,7,1,2,4,1,3
8166,2,2,2,2,2,0,7,3,1,4,1,3
8176,2,1,1,2,2,0,6,1,2,2,1,1
8188,2,1,2,2,2,0,3,1,2,1,1,1
8196,2,1,2,2,2,0,3,1,2,1,1,5
8206,2,1,2,2,2,0,3,2,1,1,1,1
8210,2,1,2,2,2,0,3,1,2,1,1,2
8227,1,1,2,2,2,1,3,3,1,4,1,3
8255,1,1,2,2,2,0,3,1,2,4,1,1
8256,2,1,2,1,2,3,7,2,4,4,1,3
8288,2,1,2,2,2,0,3,1,2,1,1,3
8294,1,1,2,2,2,0,7,1,2,4,1,5
8295,2,1,2,2,2,1,3,1,2,1,1,1
8297,1,1,2,2,2,2,3,2,1,4,1,1
8302,1,1,2,2,2,0,3,3,1,4,1,1
8307,1,2,2,2,2,0,7,3,1,4,1,1
8310,1,2,2,2,2,0,3,2,1,4,1,1
8319,2,2,2,2,2,0,3,1,2,1,1,1
8332,2,2,2,2,2,1,3,1,2,1,1,2
8351,2,1,2,2,2,2,1,1,4,1,1,1
8356,2,1,2,2,2,0,3,2,4,3,1,1
8368,1,2,2,2,2,0,6,2,1,4,1,1
8370,2,1,2,2,2,0,1,2,1,2,1,1
8379,2,1,2,2,2,2,6,1,1,3,1,1
8381,1,1,2,2,2,0,6,2,1,4,1,1
8412,1,1,2,2,2,3,6,1,3,1,1,2
8425,2,1,2,2,2,0,3,1,1,1,1,1
8433,2,2,2,2,2,0,7,2,1,4,1,3
8437,2,2,2,2,2,0,3,1,2,1,1,3
8439,2,2,2,2,2,0,3,2,1,4,1,3
8453,2,2,2,2,2,0,3,2,1,4,1,3
8456,1,2,2,2,2,0,3,2,1,4,1,1
8457,2,2,2,2,2,0,3,2,2,4,1,3
8458,2,1,2,2,2,0,3,1,3,4,1,1
8476,2,1,2,2,2,0,3,1,2,4,1,3
8477,1,2,2,2,2,0,3,1,1,4,1,1
8486,2,1,2,2,2,0,3,1,2,4,1,2
8488,2,1,2,2,2,0,3,3,4,3,1,1
8543,1,2,2,2,2,0,3,1,1,4,1,1
8566,2,1,2,2,2,2,2,3,1,2,1,1
8604,2,2,2,2,2,0,7,1,1,3,1,1
8620,2,1,2,2,2,0,3,1,1,3,1,1
8638,1,1,2,2,2,0,3,1,2,4,1,1
8655,1,1,2,2,2,3,3,2,4,4,1,2
8666,2,1,2,2,2,2,4,3,1,4,1,1
8670,2,2,2,2,2,0,7,1,2,1,1,3
8674,2,1,2,2,2,1,3,1,2,1,1,3
8682,2,2,2,2,2,0,3,1,2,1,1,3
8687,2,1,2,2,2,2,4,1,2,4,1,3
8689,2,1,2,2,2,3,7,1,2,1,1,1
8692,2,1,2,1,1,0,3,1,2,4,1,4
8693,2,1,2,2,2,3,7,1,2,1,1,1
8700,2,1,1,2,2,2,4,2,1,3,1,4
8701,2,1,2,2,2,3,7,1,2,4,1,1
8705,2,1,2,2,2,1,3,2,4,2,1,5
8717,2,1,2,2,2,3,4,2,1,4,1,1
8719,2,1,2,1,2,0,3,1,2,4,1,1
8725,1,1,2,2,2,0,7,1,2,4,1,2
8732,1,1,2,2,1,0,1,2,1,4,1,1
8743,2,1,2,2,2,2,4,2,1,4,1,1
8752,1,1,2,2,2,0,3,2,1,3,1,1
8756,2,1,2,2,2,0,3,1,3,1,1,1
8771,2,2,2,2,2,0,7,1,1,1,1,1
8773,2,1,1,2,1,1,3,2,1,1,1,4
8777,1,1,2,2,1,0,3,2,1,2,1,4
8780,2,1,2,2,1,2,4,1,2,2,1,2
8786,1,1,2,2,2,3,3,1,1,4,1,2
8787,2,1,2,2,2,0,6,2,4,3,1,3
8806,2,1,2,2,2,0,3,3,1,3,1,2
8807,2,2,2,2,2,0,3,2,4,3,1,1
8809,2,1,2,2,2,0,3,1,2,3,1,1
8810,2,1,2,2,2,0,3,1,2,3,1,1
8812,2,1,1,2,2,0,3,2,1,4,1,1
8819,2,1,2,2,2,0,3,1,2,3,1,1
8825,2,1,2,2,2,1,4,2,4,2,1,1
8830,2,1,2,2,2,0,3,1,2,3,1,1
8831,2,1,2,2,2,0,3,3,3,3,1,1
8832,1,1,2,2,2,2,4,1,1,4,1,1
8838,1,2,2,2,2,0,3,2,2,4,1,1
8840,2,2,2,2,2,1,7,2,2,1,1,1
8842,1,1,2,2,2,0,3,2,3,4,1,1
8849,2,1,2,2,2,0,3,1,2,1,1,1
8851,2,1,2,2,2,0,3,1,2,1,1,1
8873,1,2,2,2,2,0,3,2,1,4,1,1
8893,1,1,2,2,2,3,4,2,1,4,1,1
8901,1,1,2,2,2,1,3,1,2,1,1,1
8913,1,1,2,2,2,2,3,1,2,1,1,1
8943,2,1,1,2,2,0,3,3,1,4,1,1
8955,2,1,2,2,2,0,3,1,2,4,1,1
8956,2,1,2,2,2,0,3,1,1,4,1,1
8959,2,1,2,2,2,0,3,2,1,3,1,5
8960,2,2,2,2,2,0,3,3,1,4,1,1
8963,2,1,2,2,2,1,3,1,3,4,1,4
8967,2,1,2,2,2,0,3,1,2,1,1,2
8968,2,1,1,2,2,0,3,1,2,1,1,2
8973,2,2,1,2,2,0,3,3,1,2,1,1
8975,2,1,1,2,2,0,3,3,1,4,1,1
8976,2,1,1,2,2,0,3,2,1,4,1,1
8987,2,1,2,2,2,0,7,1,2,1,1,1
8988,2,1,2,2,2,1,7,1,2,1,1,1
8997,2,1,2,2,2,1,3,1,2,4,1,1
9014,2,1,2,2,2,0,7,1,2,4,1,1
9024,2,1,2,2,2,1,3,2,1,4,1,1
9034,2,1,2,2,2,1,6,2,4,4,1,1
9051,2,1,2,2,2,0,3,1,3,1,1,1
9053,2,1,2,2,2,2,7,1,2,3,1,2
9055,2,1,2,2,2,1,3,1,2,1,1,1
9056,1,1,2,2,2,2,4,2,1,4,1,1
9069,2,1,2,2,2,0,2,2,1,4,1,1
9070,2,1,2,2,2,1,7,1,2,4,1,1
9082,2,2,2,2,2,0,7,1,2,1,1,4
9085,2,1,2,2,2,1,6,2,3,4,1,5
9110,1,1,2,2,1,0,6,2,1,3,1,4
9117,2,1,1,2,2,0,7,1,3,1,1,2
9118,2,1,2,2,2,1,7,2,4,2,1,2
9119,2,1,2,2,2,0,3,2,1,3,1,1
9124,1,2,2,2,2,0,6,2,2,1,1,2
9125,1,2,2,2,2,0,6,3,1,3,1,2
9128,2,1,1,2,2,1,6,2,4,4,1,3
9129,2,1,1,2,2,1,6,1,3,4,1,4
9132,1,1,1,1,2,0,3,1,2,4,1,4
9136,1,1,1,2,2,0,3,2,1,3,1,1
9137,2,2,1,2,2,0,7,1,3,4,1,1
9141,2,1,2,2,2,0,7,1,2,1,1,1
9142,2,1,2,2,2,0,7,1,2,1,1,1
9147,2,1,2,2,2,1,3,2,4,3,1,3
9148,2,1,1,2,2,2,7,1,2,1,1,1
9151,2,1,2,2,2,0,7,1,2,4,1,2
9155,1,1,1,2,2,0,3,2,4,4,1,4
9156,2,1,1,2,2,0,3,3,2,2,1,5
9158,2,2,2,2,2,0,7,1,2,4,1,1
9162,2,2,1,2,2,0,7,1,2,1,1,1
9163,2,1,2,2,2,0,3,3,2,4,1,1
9166,2,1,1,2,2,0,3,1,2,4,1,3
9168,2,1,2,2,2,1,3,3,4,4,1,1
9169,2,1,2,2,2,2,4,3,2,4,1,2
9170,2,1,1,2,2,0,3,2,4,4,1,4
9171,1,1,1,1,2,0,3,1,2,2,1,2
9172,1,1,2,2,2,0,3,3,4,2,1,3
9173,2,2,1,2,2,0,7,2,1,4,1,1
9174,2,1,1,2,2,3,3,3,4,4,1,1
9176,2,2,2,2,2,0,7,3,1,4,1,1
9178,2,1,2,2,2,0,3,2,4,4,1,4
9179,2,2,2,2,2,0,7,1,2,1,1,1
9180,1,1,2,2,2,1,3,2,4,1,1,5
9184,2,1,2,2,2,0,3,1,3,3,1,5
9185,1,1,1,1,2,1,3,3,4,4,1,5
9200,1,1,2,1,1,2,7,1,3,4,1,1
9201,2,1,2,2,2,0,1,1,1,3,1,1
9202,1,1,2,2,2,2,7,3,4,4,1,1
9203,1,2,2,1,2,0,7,1,2,4,1,2
9205,1,1,2,2,2,2,3,1,2,4,1,5
9206,1,1,2,2,2,1,3,1,2,3,1,5
9208,2,2,2,2,2,0,7,2,1,4,1,2
9209,1,2,2,2,2,0,7,1,2,1,1,1
9211,1,1,1,2,2,0,6,1,2,1,1,5
9221,2,2,2,2,2,0,7,1,2,1,1,1
9222,1,2,2,2,2,0,3,1,2,1,1,1
9225,2,1,2,2,2,0,3,1,2,1,1,5
9226,2,1,2,2,2,0,3,1,1,4,1,5
9227,2,1,2,2,2,0,3,3,4,3,1,1
9229,2,2,2,2,2,0,7,1,2,1,1,1
9232,2,2,2,2,2,0,7,1,2,1,1,1
9234,1,2,2,1,2,0,7,1,2,1,1,1
9235,2,1,1,2,2,0,3,3,4,2,1,3
9236,1,1,2,2,2,2,7,1,2,1,1,1
9237,2,1,2,2,2,0,3,1,2,4,1,4
9238,1,1,2,2,2,2,7,1,2,1,1,1
9239,2,1,2,2,2,2,7,1,2,1,1,1
9240,2,1,2,2,2,4,7,1,2,1,1,1
9241,1,2,2,2,2,0,7,1,2,1,1,1
9245,2,1,2,2,2,1,3,3,1,4,1,1
9248,2,1,2,2,2,0,3,2,1,3,1,1
9250,2,1,2,2,2,4,6,2,4,4,1,5
9252,2,1,2,2,2,1,6,2,1,4,1,1
9254,2,1,2,2,2,1,3,2,1,3,1,1
9258,1,1,2,1,2,1,3,2,3,4,1,4
9266,2,1,2,2,2,0,7,1,2,4,1,3
9273,1,1,2,2,2,1,3,2,1,4,1,1
9281,1,1,2,2,2,2,4,2,4,4,1,1
9300,2,1,2,2,2,1,3,1,2,4,1,5
9302,2,2,2,2,2,0,3,2,1,3,1,1
9319,1,1,2,2,2,0,3,2,1,3,1,5
9341,2,1,2,2,2,1,4,2,4,4,1,1
9345,1,1,1,2,2,1,3,3,1,3,1,1
9347,2,1,1,2,2,0,3,1,1,3,1,1
9360,2,1,2,2,2,3,4,2,1,2,1,1
9368,1,1,1,2,2,3,4,2,1,4,1,1
9372,1,1,2,2,2,0,3,1,4,1,1,1
9380,2,2,2,2,2,0,3,2,1,2,1,1
9394,2,1,2,2,2,1,7,2,1,3,1,1
9423,1,1,2,2,2,2,4,1,2,4,1,4
9436,2,1,2,2,2,2,4,2,2,2,1,1
9438,2,1,2,2,2,1,3,2,1,4,1,3
9441,2,1,2,2,2,2,4,1,2,1,1,5
9447,2,1,2,2,2,0,3,1,2,4,1,1
9450,2,2,2,2,2,0,7,2,2,2,1,5
9451,2,2,2,2,2,0,3,1,2,1,1,3
9452,1,1,2,2,2,0,3,2,4,4,1,1
9455,2,1,1,2,2,2,4,1,2,1,1,1
9461,1,1,2,2,2,1,3,1,2,1,1,3
9487,2,1,2,2,2,3,4,1,2,1,1,3
9494,2,1,2,2,2,1,3,1,2,1,1,1
9505,2,1,2,2,2,1,4,1,2,1,1,3
9509,1,1,2,2,2,0,3,1,2,1,1,1
9525,1,1,2,2,2,2,4,1,2,1,1,1
9528,1,1,2,2,2,2,4,1,2,1,1,3
9551,2,2,1,2,2,0,3,1,2,1,1,2
9555,2,1,1,2,2,0,3,1,2,1,1,2
9560,2,2,2,2,2,0,7,2,2,2,1,5
9570,2,1,2,2,2,0,3,2,4,4,1,1
9573,1,1,2,2,1,2,4,3,4,4,1,1
9574,2,1,2,2,2,2,6,1,2,1,1,1
9579,2,2,2,2,2,0,7,2,4,4,1,3
9584,1,1,2,2,2,2,6,1,2,1,1,1
9588,2,1,2,2,2,1,6,1,2,1,1,1
9591,2,1,2,2,2,5,6,1,4,1,1,1
9600,2,1,2,2,2,4,3,1,2,1,1,3
9602,1,1,2,2,2,0,3,2,4,4,1,1
9637,2,1,2,2,2,1,3,1,2,1,1,1
9649,2,1,2,2,2,2,4,2,3,3,1,2
9651,2,1,2,2,2,2,4,2,3,2,1,3
9669,1,1,2,2,2,1,4,2,4,3,1,2
9671,2,1,2,2,2,1,6,2,1,3,1,1
9699,2,1,2,2,2,0,3,1,2,1,1,1
9708,2,2,2,2,2,0,6,1,2,1,1,5
9716,2,1,2,2,2,1,7,2,1,3,1,1
9719,2,1,2,2,2,1,7,1,2,4,1,5
9721,2,1,2,2,2,1,3,2,1,4,1,1
9725,2,1,2,2,2,1,3,1,2,2,1,1
9732,2,1,2,2,2,0,6,2,1,4,1,1
9741,2,1,2,2,2,2,6,2,4,4,1,1
9749,2,1,2,2,2,0,6,2,4,4,1,3
9757,2,1,1,2,2,1,3,2,3,3,1,1
9759,1,1,2,2,2,1,7,2,3,3,1,3
9764,1,1,2,2,2,0,6,3,1,4,1,2
9783,2,1,2,2,2,2,4,1,2,1,1,2
9786,1,1,2,2,2,1,6,2,1,4,1,1
9788,1,1,2,2,2,3,6,2,3,4,1,1
9802,2,2,2,2,2,0,8,2,4,4,1,5
9804,1,1,2,1,2,1,3,2,4,4,1,5
9806,1,2,2,2,2,0,7,1,2,4,1,3
9808,2,1,2,2,2,2,6,1,2,1,1,1
9809,2,2,2,2,2,0,3,2,2,4,1,5
9846,2,1,2,2,2,1,3,1,2,1,1,1
9854,1,2,2,2,2,0,3,1,1,4,1,1
9866,1,2,2,2,2,0,3,1,1,4,1,1
9871,2,2,2,2,2,0,6,1,1,4,1,2
9883,1,2,2,2,2,0,6,1,2,3,1,1
9887,1,1,2,2,2,0,3,2,1,4,1,1
9891,2,2,2,2,2,0,3,2,3,2,1,1
9900,2,1,2,2,2,2,4,2,4,4,1,1
9902,1,1,2,2,2,0,3,2,4,4,1,1
9908,2,1,2,2,2,0,3,1,2,4,1,1
9924,2,2,2,2,2,0,3,1,2,4,1,1
9944,2,1,2,1,2,1,6,2,1,4,1,1
9963,2,2,2,2,2,0,3,2,1,2,1,1
9965,2,1,1,2,2,0,3,2,1,4,1,5
9967,2,1,1,2,2,0,3,1,2,1,1,5
9971,2,2,2,2,2,0,3,1,2,4,1,1
9972,2,2,2,2,2,0,3,1,2,4,1,1
9974,2,2,2,2,2,2,1,1,1,1,1,1
10006,2,1,2,2,2,0,3,2,4,4,1,4
10014,2,1,2,2,2,0,3,3,4,4,1,1
10017,2,1,2,2,2,0,3,2,4,4,1,1
10026,2,1,2,2,2,0,3,3,4,4,1,4
10028,1,2,2,2,2,0,7,1,2,4,1,1
10029,2,1,2,2,2,2,6,2,1,4,1,1
10038,2,1,2,2,2,0,3,1,2,4,1,2
10042,2,1,2,2,2,1,3,1,2,4,1,4
10045,2,1,2,2,2,1,3,2,4,4,1,2
10064,1,1,2,2,1,1,6,2,1,3,1,2
10070,1,2,2,2,2,0,6,1,2,4,1,1
10071,2,1,2,2,2,0,7,3,1,4,1,4
